osm_id,id,com_nom
node/273434840,8971767f-e50c-4d58-9e69-94e7a489f49a,Abbéville-la-Rivière
way/313057979,55e63c96-f8a4-424c-a9fd-52ddf515b6ef,Ableiges
way/110159229,c761b3fb-1ca7-4d30-bea4-6c81f7dd8030,Ablis
way/62496024,beb21c87-ed67-41f3-8712-e36621bebe4a,Ablon-sur-Seine
way/110338496,c4b18efd-8c40-4c17-9210-f87f7d105462,Achères
node/4758032221,9c18fa54-3f3c-4344-9edc-200e2d71ef0a,Achères-la-Forêt
node/6565538985,0e140e49-c437-465e-b369-3ad4f97cf599,Acoua
node/11036387245,53fba667-2eb9-406e-bd80-e578096a2019,Adainville
way/103957731,fd43ff31-1fd2-439e-b1dc-81ea35c8a4fe,Aigremont
node/1590040632,b01da037-e547-48a7-a1f2-a346d5e63f14,Aincourt
way/62558983,58b12f16-8cc8-4a84-aa59-1c6521f82d24,Alfortville
node/1942720431,560f6020-e6c3-47c6-8f57-0abc83854072,Allainville
way/403527820,2eb6a393-8850-44f3-9fec-bae11796dcc0,Ambleville
way/406205381,26c25932-af5b-4126-b70a-c4496ecea51c,Amenucourt
node/4530951134,5001dc7a-ff4f-4ddd-813a-466c28423eec,Amillis
node/4798913784,adc4cfb3-e4ac-481f-8515-68a027a93fcd,Amponville
node/7745328250,d77c2578-1bb3-4a53-9ad9-07ac8ac4599e,Andelu
node/7973094397,51ef36cf-075c-41b2-afec-58b7199879cb,Andilly
way/198857216,834808f7-0cc5-4aa2-9efc-fd6c7dfdcda1,Andrezel
way/132581986,846ef08d-f759-4383-aae4-0f712a727016,Andrésy
node/3210551936,3172533b-266a-4eb3-a860-367ae11f385c,Angerville
node/3484254695,64759ce7-c455-4624-a7c1-0143ef528afc,Angervilliers
node/4798915912,bf13e150-365a-44a1-b5f5-b39ea360c316,Annet-sur-Marne
way/44366455,29efd88b-eaac-43b6-aad2-49a4b7811c80,Anse-Bertrand
way/80885607,54260182-e2ff-4a92-891e-9d43b932cae8,Antony
way/288987623,738bf0fc-a3a8-4cca-b27e-3449a9a262a9,Apatou
way/113234280,9b65803b-4bcc-4e75-8b5e-ac0b45716df7,Arbonne-la-Forêt
way/39224047,c177c786-4474-436a-9aa7-1492d5c7627e,Arcueil
way/70342326,5e27d725-abf2-4cc1-85fb-c7da1f2999c0,Argenteuil
node/4798916925,4aca9232-ec73-4db2-8adf-c67fb26faf2c,Argentières
node/4798915882,88f0cd29-0b15-45fd-b698-9c58a23f2a7a,Armentières-en-Brie
node/281720908,36d78a20-3e71-483e-a07c-9a57593e3b2d,Arnouville
way/217921590,d82bdee0-f35d-40fe-8c44-3134bcc075dd,Arnouville-lès-Mantes
way/136136316,fc4d7ff3-071e-43e3-ab40-c4ca9bf31c86,Arpajon
node/276600869,e4a2cb7c-22e0-4bba-ad27-4e192cc8714f,Arrancourt
way/437305612,70cc346f-1a52-4e36-b9cf-567470ceccc4,Arronville
node/1612321668,8a0feb99-660b-4606-b520-e82c0e169d5f,Arthies
node/3878136792,c80b3cae-1bcd-4fab-b8c4-af30e5ff9db6,Arville
node/7266748503,fcf0898f-d8bb-4350-968a-c58c1eb2a805,Asnières-sur-Oise
way/70784250,90b3deac-b4f6-4c48-92b4-d787a265ad19,Asnières-sur-Seine
node/632238616,b710d147-2aaf-44c2-8cdc-0a8a8ea67632,Athis-Mons
node/3866687487,4a7fdcc6-e419-4063-8205-10cd16c698dd,Attainville
node/4798913798,cc0c76dd-24e2-4b31-ab38-e34ff9a19647,Aubepierre-Ozouer-le-Repos
way/132362403,40035c8b-1e32-47d7-b908-52dc982494a7,Aubergenville
relation/1131762,0706933e-c71d-409e-aa72-46db29fe49d3,Aubervilliers
node/7235630125,965b9dae-810b-458d-8829-e065a9c14dcb,Auffargis
node/4798913800,ef92c209-beb0-41f9-8e14-6bb5839cf608,Aufferville
node/700770060,c5e073ce-a853-4e5d-b47a-e85959069e7f,Auffreville-Brasseuil
way/115290516,1b8d4fb7-d5b8-4a4b-974c-f27cf186dde9,Augers-en-Brie
way/141732783,55b6b285-896f-42a0-9caa-0d651d60817f,Aulnay-sous-Bois
node/623022681,2028a60f-1b43-45ab-b090-97e659d66e92,Aulnay-sur-Mauldre
node/4798913812,220b2ae6-3a9e-4407-8743-ada464ae4ceb,Aulnoy
node/2371102157,30528f52-a094-46ee-bb5a-4e37a92d04ca,Auteuil
node/3499063003,4c801a34-7e09-4794-9800-939f0271dbf3,Authon-la-Plaine
way/399547856,d840597b-3190-421d-88a2-5f935da8d6c2,Autouillet
node/3510158104,8c5dd957-3a73-46ea-a9c2-59b8b08de72b,Auvernaux
node/3499065098,8770fee9-ce99-498d-b65d-d5f16ee31fa4,Auvers-Saint-Georges
way/147524439,d8f60a04-07d1-4c93-8e02-346fa5452b64,Auvers-sur-Oise
node/3180965636,4c693cdc-ebfe-45ea-8b94-6304931ece78,Avernes
way/286908768,81c13e21-1384-4792-999f-3571f5b59022,Avon
way/146292068,1bb49707-af84-4a18-ac77-2e934acc05e2,Avrainville
node/431261661,74f7c925-e1cd-42d5-adba-9e5599e0c365,Awala-Yalimapo
node/4798913793,ea1146e8-4464-4c46-b511-377729e20aeb,Baby
way/319347388,fe80cf5a-5e44-4003-b797-f49f4ce5f1ec,Bagneaux-sur-Loing
way/146243811,9c433d99-14ea-4cd0-bb20-3b8c2b3a5cf2,Bagneux
relation/11750190,b63ca7e7-8111-4f5d-b0d3-1c80b4f7ae64,Bagnolet
way/178237246,dc71e8ca-b026-4369-9eee-f7a05ccb705b,Baie-Mahault
way/403463738,36206d4b-2326-4d78-bb4b-5fc528943d1e,Baillet-en-France
way/41896036,7b620b63-86cf-4ff5-b396-6d18748c4f1b,Baillif
way/103879025,31dbb0db-68c5-4be5-b65b-76f07dc04833,Bailly
node/4798915887,b1d96da6-34df-400b-822a-b01cf0bf0a29,Bailly-Romainvilliers
way/146218361,bc4ca010-37bc-4efb-95c9-e78db1135b3e,Ballainvilliers
way/62997672,a4b89d69-58ed-4d52-a6e4-20682e39ad6b,Ballancourt-sur-Essonne
way/227536419,fda3bfcf-b30b-4c94-9dc0-f0ffa29f1df1,Balloy
node/8979785290,6dcba774-37ef-4378-bea5-b5d32a9b6866,Bandraboua
node/6564540340,a7ff756e-4bd3-4126-8172-57140ee01026,Bandrélé
node/4798913792,6b5b72ca-77de-4f70-8900-f79ca6cb24c8,Bannost-Villegagnon
node/1467568769,76e9b9d6-708d-4026-b0d8-9c5c7fb03004,Banthelu
node/4798915867,1e636d54-f3c1-41dd-85f9-ed1af2ca8052,Barbey
way/113288071,d50afb58-40ba-4454-8cfe-42d0abf9fd00,Barbizon
node/3842874863,bc7b42be-ec6a-4d7a-a618-fabf16e8c3a4,Barcy
way/178916464,b7469735-36a1-405a-80c1-d6197f2d8cd9,Basse-Pointe
way/66440877,597b1720-8653-4ef4-b838-4841be6e62f4,Basse-Terre
node/4798916224,bf28b298-8653-4574-8b0a-2b7cb2050964,Bassevelle
node/3499072811,ceae1b0c-81e6-4330-b580-79bac151c6e1,Baulne
node/988712796,762949f5-7e8d-4c2b-92c9-3927b5579cc2,Bazainville
Node/1874175052,f41a7534-4726-4dbd-87eb-22a7265df94f ,Bazeilles
node/11036356623,484a9c9c-5c74-468a-8c1d-478a2cb1c099,Bazemont
node/4798915547,a29a7925-47ef-4067-a238-4dde33496e13,Bazoches-lès-Bray
node/2383709781,c7441370-9f1d-4997-8b29-44bed8bc0eda,Bazoches-sur-Guyonne
way/369393228,3e9d6704-8542-4ff2-8b5d-39d94f859d83,Beauchamp
node/4798915893,d9f90879-52f2-41d8-a9e0-534d09b68ad8,Beauchery-Saint-Martin
way/115180931,a1990c6f-d1f1-4141-87a7-03ac3d3f8bdc,Beaumont-du-Gâtinais
way/167629659,2a3cb556-8961-450b-9b94-395f95453bb0,Beaumont-sur-Oise
node/1645394958,04ec2d67-66fb-4121-a26a-a4e0ad69fdeb ,Beautheil-Saints
Way/115175552,5a81c3c0-991f-44ef-a699-d17e79fe96ad,Beautheil-Saints
way/362629172,64f83220-e577-42ce-90b7-1dd2472c1239,Beauvoir
way/131930801,9492daac-0ea2-4b97-bab5-197e2f232767,Bellefontaine
way/125079898,c4a22c3e-ccbd-4c9d-bc5f-45b45faba22d,Bellefontaine
node/4798915866,c81f5264-19f8-4d90-8d9f-86a939bd6e02,Bellot
node/3529756130,ceba0df7-70fa-49e1-9e9f-f50870203b36,Belloy-en-France
way/601251739,f5cc22a5-75bc-43e2-9004-115e9a9a3d43,Bennecourt
way/229305691,3060e539-bc7e-415b-b580-9a32b41ebf10,Bernay-Vilbert
node/8168037599,07ee0672-d96f-4774-9072-7503603ca1e6,Bernes-sur-Oise
node/11043965810,b70e6155-d6dc-44d0-93c9-317b25f0ffb1,Berville
way/103355502,ed1482a5-90e3-41f2-8e14-50826a4ba4b3,Bessancourt
node/7618324588,225244ee-f6b9-43c1-a948-9cf53311b680,Beton-Bazoches
way/63065068,30d2e77c-ef7c-47d5-8ec1-d6a6269088b5,Beynes
way/148480154,129237e7-24ed-4f75-a6df-93059d1e7a4a,Bezalles
way/387315533,9eb6008b-eac3-43bc-b7d4-317cbaadda96,Bezons
Way/158617134,80093178-986c-488b-8b76-59b995747e75,Bians-les-Usiers
way/70456515,2b4625db-0190-43c9-bbfb-fedd9b4dd96d,Bièvres
way/330255741,51728fb3-56f9-4ebc-ac73-d07c996f1ca8,Blandy
way/113274452,62cf2ba0-fab3-496e-9c88-72609a7ac5e2,Blandy
way/110272675,82db40b4-60a6-41ac-835a-c4ffc5d46d89,Blaru
way/278594287,07e02456-a7e3-421f-935c-65c2d4002fd0,Blennes
way/77744232,f91ec498-396d-4ea7-aa5c-c5ed2cfed87b,Bobigny
way/146251587,cce6d4f7-a970-4d11-ac7f-9aa1c9f4886f,Boigneville
way/240619108,88017b91-97a7-4e5d-bf2b-1a5f5ff86270,Boinville-en-Mantois
node/11046780844,e2d710f7-4730-48a3-b10e-522bc55c536a,Boinville-le-Gaillard
way/133498921,e08ab162-4680-4617-bbaa-493015077cfe,Boinvilliers
way/79772811,414058d9-77a7-42f5-879d-c43e3bd915c2,Bois-Colombes
node/3499103060,aa5a665b-a489-4f5d-8697-2d5685e93e8c,Bois-Herpin
way/85855836,4c308ad7-e8d9-40f5-ba9f-bbb995a6514c,Bois-d'Arcy
way/257237360,cf4dffdb-86a8-4c8e-8112-384f80b42e48,Bois-le-Roi
way/148483791,b0523068-4b94-4627-97d3-fab880de965b,Boisdon
way/99361833,ef11eefa-00c3-43a9-886f-5b5445dba313,Boisemont
node/4684470445,4995d02e-2548-4742-8eea-b39f4831b35f,Boissets
node/4798913799,374dcdb1-0be9-4baf-95cf-9a00da7d6ae5,Boissettes
node/4798916923,b0e9bba4-8d66-48d3-88f9-588fc7f9469d,Boissise-la-Bertrand
way/113301208,3444e703-ffea-4500-9228-9c2a51f23351,Boissise-le-Roi
way/108151489,60eb6151-5819-4e03-a82a-b7750f660f9f,Boissy-Mauvoisin
way/103514934,e9865b7f-ec64-4f72-8a8b-8dc327fefe9b,Boissy-Saint-Léger
node/4798915553,9129b03e-548d-40f7-bf33-7ebefdae4e88,Boissy-aux-Cailles
way/435919943,e97f23dc-f900-4707-a866-3db801bdbcf0,Boissy-l'Aillerie
node/281000444,209497e5-f7c7-4c54-94fc-acb6c76bedfe,Boissy-la-Rivière
node/4798916927,d614b050-87ff-4507-b3bc-a1145daa1b05,Boissy-le-Châtel
node/3484285063,9149de47-ffea-4674-b6a0-b2769110aa2f,Boissy-le-Cutté
node/3499118827,29b2fc03-abbd-41f9-bfdd-bf72164e51d3,Boissy-le-Sec
way/400433964,421144b4-3ae8-4df1-b7db-a6c892fe69bd,Boissy-sans-Avoir
way/161155949,8cfc485b-9be4-4bb4-86ba-6e621316c6e3,Boissy-sous-Saint-Yon
node/4798916933,cd2798d4-1c3e-4df2-aad3-302a24ee2539,Boitron
node/4798915886,940fce9d-3f0e-4830-aca9-3ba5842ebfcc,Bombon
node/3484287742,1e77ff29-56c1-41c8-9f52-991ee5745275,Bondoufle
way/84177487,eb1dff87-9ca8-4f58-96f2-823afc7de6a4,Bondy
way/404345316,3821ebba-d838-43c4-8fd7-2bf2a109b587,Bonnelles
node/10728672371,76c2115a-4ec2-4773-94e7-ed4909e59bbb,Bonneuil-en-France
node/611874742,01befebc-084e-4b13-ba83-fa49ee6e8ee8,Bonneuil-sur-Marne
way/613854642,1540d36b-c755-4f42-8229-e706fb5b2e73,Bonnières-sur-Seine
way/141580694,8b8c49c9-0b02-421a-af29-3dc8f9c12bf0,Bouafle
node/2287682234,6d8f431a-6ef7-4780-99ab-267c61e18d76,Bouffémont
node/1959359057,2fde7b8b-f320-4b4f-bb29-7903b593cea5,Bougival
node/4798915895,509d62ae-7fdd-4ada-9988-2ff73f903af2,Bougligny
way/41875548,d91d16b9-4445-46f6-b286-80fabfbb4753,Bouillante
node/4798915885,bd56c773-cfaa-4e0a-b062-132357125ae3,Boulancourt
node/4798913772,014aa2d0-16e3-4261-93dd-68ba3e7c69f4,Bouleurs
way/363947777,55ae8e69-77a8-4cc6-8eb8-b7446eb212af,Boullay-les-Troux
way/63996758,81c6e04d-b812-48af-b81e-e6d962a9836d,Boulogne-Billancourt
way/326156720,52ab8a8a-a761-45f5-965e-420d9dc05964,Bouqueval
node/3484291363,ce9d7c88-adb0-4085-9b34-da66cd8ef549,Bouray-sur-Juine
node/7272225381,d8827474-2743-43d6-8d0f-cc4c76732664,Bourdonné
way/78652615,e30182c4-5d53-4bda-8fd7-62183b66e0ec,Bourg-la-Reine
node/4798915901,1daafc6f-24a0-45ec-b68c-487390f7a40f,Bourron-Marlotte
way/149665640,7b70141e-1502-489c-87f7-2ed6f7ce99d4,Boussy-Saint-Antoine
node/3499142871,13ce7863-3a93-4152-8d4b-410d3faff534,Boutervilliers
node/4798913795,b0e52474-e354-4da1-9c99-f0298dae3f64,Boutigny
way/146230451,6cd0e172-e17c-4762-936f-1a0a0c177989,Boutigny-sur-Essonne
node/3484318831,7bfa7f14-2460-4772-8bcb-26d5f8ceedc4,Bouville
way/755370480,d2d0d944-ae70-4897-8f2a-b44fff4b61c4,Bouéni
node/4798913788,0726c665-7fe0-4cc5-a1e0-10aba37d38b0,Bransles
relation/2972562,ddb044ae-b297-41ee-a265-f1b1663f24c2,Bras-Panon
node/1564292030,d9f6a75c-0ac3-4b01-b2af-95deb9bc78d9,Bray-et-Lû
node/2736241740,1debd90f-6812-43ec-bf78-3195aa0ba41b,Bray-sur-Seine
node/700914955,be413ab8-7ac4-4fd2-9edb-f282d2ea2171,Breuil-Bois-Robert
node/7043969162,2c3c7f2a-24fd-4f3b-8a5b-e72db06d81fa,Breuillet
node/3499148838,c2c4b1ab-9744-4e44-874e-c20b49236625,Breux-Jouy
way/113064466,2b2cf805-dd15-4c3f-ae22-164126d32443,Brie-Comte-Robert
node/500854542,1f099887-d46a-4dfe-8247-241dec0c4a95,Brignancourt
way/361165464,a38074c9-31b5-4bb4-b58c-6989c8913994,Briis-sous-Forges
way/83022539,32c53bcc-453d-47c7-9dee-926f50fbf1bc,Brières-les-Scellés
node/8228934441,934c7856-db77-45b3-be39-cff986bfd112,Brou-sur-Chantereine
node/3510166496,7eb7fbed-a2f5-415f-8665-0a74d095dbfb,Brouy
node/577365011,580086b8-0ac6-4ad3-b2d5-731c2bb630d3,Brueil-en-Vexin
way/23598514,48381145-366d-483e-9cd4-7eaf1467c495,Brunoy
node/3485960152,d7ea2710-1f2a-4ad2-9577-a1bd273bfce0,Bruyères-le-Châtel
way/437311254,27b396e0-2b6f-4a94-9d54-e4e1be7b8800,Bruyères-sur-Oise
way/120400775,9d0cfea8-f4c3-4a5f-b342-786e50640bcd,Bry-sur-Marne
way/401934246,c665ae08-35be-44fc-bc85-f63f84fc22df,Bréançon
node/9309443763,d2ef5a67-bebc-4404-81b5-91432e22e3aa,Bréau
way/143644745,0b9cb713-8963-4e10-a1e8-1fe1cf37c44a,Brétigny-sur-Orge
way/107206478,3f810a28-bfd7-43d7-bdb7-cf828c86baf0,Bréval
way/637927969,15014a6f-c392-47b4-bba5-ecd9ddd76801,Buc
node/1560522411,65308127-eba2-4786-a744-8a5594b79343,Buchelay
node/11198601801,3e73ca85-8aed-4595-9112-e23a8af2faff,Buhy
node/11044001249,3ab88809-2f11-4c6e-8d66-f12d3efa512d,Bullion
node/3499181178,54726d99-ac0a-4f05-bda1-d966299816bd,Buno-Bonnevaux
node/3878093990,188dbbae-5ad1-4db4-9ade-216c47171a8c,Burcy
way/46112886,c7ad71d0-f72d-47fb-b0e2-e5bc13343c47,Bures-sur-Yvette
way/115362941,6de2dc02-a4ba-4bc5-92b5-cb43a86ce0b1,Bussières
way/113171363,75cc4bd0-7e62-4e64-b32e-3b0b50733ec5,Bussy-Saint-Georges
node/4798915889,11fd6e3d-5b3d-4d91-9ef6-f3db637cf5e9,Bussy-Saint-Martin
node/3877912093,70566176-044e-4eee-a30e-81b119509dba,Buthiers
node/588669408,b05f684e-d6d1-41ae-8125-843bc27e248d,Butry-sur-Oise
way/401457648,71edbb77-d7ff-42a8-bd36-c28135a28b96,Béhoust
way/696665023,db98821b-0546-42e0-8e5b-0ee52d2dac5a,Béthemont-la-Forêt
relation/1003292,8d9b66e3-aa90-4d20-b92d-6bc687efd8aa,Cachan
node/4048975595,8a242e55-e74f-48fd-8831-5b97ed13252a,Camopi
way/115186628,b611a1dc-ede0-4ffb-a25b-2f8d064d7029,Cannes-Écluse
way/287147726,e907770e-1333-40d0-bbde-b4aad025e03c,Capesterre-Belle-Eau
way/125323241,e5e7d933-8504-4bc7-97ff-2df5abc6b293,Capesterre-de-Marie-Galante
node/4798916931,8a94dbd1-d3bc-4df1-a5b3-1d6693f3f964,Carnetin
way/92118865,f27a2dca-5d66-4680-b5d1-2ea501e4b6f2,Carrières-sous-Poissy
way/131396947,d380a978-e8a0-4944-8d16-5158e685699a,Carrières-sur-Seine
way/177538596,abe5569b-6d2d-4e0e-806c-31636812d7ff,Case-Pilote
way/71470728,f67f764b-2c50-4e4b-9a03-7a714e234481,Cayenne
way/102971120,7004a2b2-d3fd-4e78-a00f-b0c80920cfd1,Cergy
way/286921038,1d088e28-37a9-444d-a674-5cc697803248,Cernay-la-Ville
way/115309054,50358eb2-cea7-44f8-a391-86253c6c9687,Cerneux
way/141007642,b4773c5c-d2b1-4ffc-b6df-7df33ae552ff,Cerny
way/113223218,b752f1f0-c95e-45fa-8aa8-a0b8ce698781,Cesson
node/4798915563,981a4a27-d790-4290-a2df-c55b4331e588,Cessoy-en-Montois
node/10116615156,e8a11988-0ae1-46b1-a66b-1cfaabbcf64f,Cezais
way/30836803,22368f09-840c-43b6-bebf-1151dfc554b2,Chailly-en-Bière
node/1645490649,55888ba5-1ccf-4244-9972-6223b59e8518,Chailly-en-Brie
node/4798913802,9659318d-42c7-4fc4-b787-d1f75e96f224,Chaintreaux
node/4798915872,cc327ded-4aac-4b77-83c0-94c755bc6ed2,Chalautre-la-Grande
node/4798915897,dbbbe22f-e0d3-445c-9bd2-dc39229cd892,Chalautre-la-Petite
node/4798915891,943fe8c1-c28d-49f5-bf18-670391e11091,Chalifert
node/3974485342,cf8aa04f-7640-4b76-8407-da564c9452a2,Chalmaison
node/2354686511,c5b30c0b-e530-4bab-95a0-96f7a9e6e4ce,Chalo-Saint-Mars
node/3499182388,65c6b18f-7e43-4dc1-bb05-dc2d2ad982cc,Chalou-Moulineux
way/146074067,6249b7ad-4b17-4164-a1b0-58a4b39100ff,Chamarande
node/11036370375,6e50761d-0996-413e-ab28-794008c2b905,Chambourcy
node/3842874864,962bff19-33af-4a3c-8149-49d80a91fbcc,Chambry
node/4798916934,623af552-a3bd-40ff-ad14-a621a369bdfe,Chamigny
node/2244841632,78b49139-3bae-4d99-85f6-a5671e731242,Champagne-sur-Oise
way/115198773,9bb7863a-6e3a-4220-adf9-818d936f754c,Champagne-sur-Seine
node/4798915868,5e208bdc-19a0-4cb6-863a-7b6af20ede55,Champcenest
way/153036253,ed80f238-468d-4f99-9ed3-1ec2fcea347f,Champcueil
way/113305753,cd77ba75-6d5d-47a4-9e6e-4e41fb539aa8,Champdeuil
way/176175881,f8878d98-037a-4eea-88a3-8d3688dce537,Champeaux
node/2702498234,2dc9de25-6aa9-4896-b503-0e3d19817390,Champigny-sur-Marne
way/146303014,26297100-f57b-4a98-b893-a4d9b18d1d2b,Champlan
way/345898254,3ef23fe4-4690-4dcb-84c1-6f8e25ef1da8,Champmotteux
relation/2673069,41dd51b7-43d5-45c3-a2f7-392b7b50f4cb,Champs-sur-Marne
node/4077694640,c7addd83-39b8-4e85-92c3-6a46c2b97397,Changis-sur-Marne
way/115371880,d05253ea-40b0-49c3-aa60-375fd269c3ef,Chanteloup-en-Brie
way/224423684,6b11706c-54b7-4519-925b-4bb6403d6380,Chanteloup-les-Vignes
node/509263858,491f61ee-5180-477b-b86d-f7656a8b22b9,Chapet
way/149276228,bf44ec72-48c5-4cd5-8d8a-2ebc7d56e6a2,Charenton-le-Pont
node/3351967873,bee39188-534f-4099-8351-c0ce9a3ec422,Charmentray
node/8168518464,98cea978-2e2f-49f7-b21f-41c924315893,Charmont
node/3351968053,90738439-6644-4317-b76f-76663fe3f223,Charny
node/500854535,0d95b18a-5c0c-4ca8-97e7-fe608d890dc3,Chars
node/2362233346,7c0a2430-a60a-4d10-882c-d6853d77ffc5,Chartrettes
node/4798913791,86da5e0c-52df-4822-8e67-3ec01258c5fb,Chartronges
node/3499188917,30aa23d6-7f6f-4d3b-bbaa-76ea7a57272d,Chatignonville
way/49158537,bd690a8a-350f-4107-936f-20166aa9314a,Chatou
way/116129531,338228d2-dc11-462c-88ff-4359682c6d36,Chauconin-Neufmontiers
node/3499191774,e24f4410-8bfd-469a-a4da-fe252afa6eff,Chauffour-lès-Étréchy
way/115149865,86a7caff-e73b-431a-8e27-bbb4a836cdd6,Chauffry
node/1219372183,3504a2f0-a64e-4a87-a8e4-e0c11a339d3d,Chaufour-lès-Bonnières
node/980768724,13fbe043-734e-4430-8ddc-dbae62d284a0,Chaumes-en-Brie
way/147484430,917e8480-04ff-4ccf-904c-b133713b1e24,Chaumontel
way/433221974,1120e367-9512-41b2-9823-ea4b1bae478d,Chaussy
way/437163837,925fe371-90ec-454d-9edd-df4435e13b86,Chauvry
way/63466362,a49939aa-bb42-4de2-a0c4-8d10af90392b,Chavenay
way/132162478,355f3722-bf6b-4fce-8c06-bb3d108e6d00,Chaville
way/111038720,aa283e8f-ae35-4729-a92e-877a8ab1621f,Chelles
node/11042465952,2a92e121-1ac0-42bb-b43a-9fdac84287f1,Chennevières-lès-Louvres
way/109256694,bf3ff90c-550e-4d99-a8af-81ef81e3b424,Chennevières-sur-Marne
way/161044237,5de54c6b-def3-4b27-912d-a8cf74e0885a ,Chenoise-Cucharmoy 
node/4798915881,fab144cc-9570-4bcd-ab19-32d996daaba3,Chenoise-Cucharmoy 
node/4798915873,207c73b7-b5d6-4c2f-91a7-06548ea00804,Chenou
way/107365740,ca8b6b48-23a1-406b-9063-9217ef90ce2c,Cheptainville
Way/47289619,5e8502cb-b69c-418f-b4a3-22816d5b1497 ,Cherves-Richemont
node/4798915853,3eb2cdd2-35a5-45f4-b2b8-9067eb7f37f7,Chessy
node/9309413563,8e4fe185-38f3-425d-8aa2-e34169874d3a,Chevannes
way/155546358,1e673c75-155c-4085-a4d6-682378638a7d,Chevilly-Larue
node/4798915860,914532f2-7e95-4cb2-86af-d5c71e75f362,Chevrainvilliers
way/405387271,d1804ec2-17e8-4cb4-89c1-a892056f621a,Chevreuse
node/1636457731,66ae3f1d-1b00-4c2f-8deb-c365b0819cf9,Chevru
way/97561399,7e6358a1-0139-45bc-964d-166f863bce36,Chevry-Cossigny
way/278566942,2b445ea8-dff4-4e5e-b642-26b3869e2a09,Chevry-en-Sereine
node/4737488821,79ead539-37f2-48a1-88b3-ea81787b99fb,Chiconi
way/161214689,e666a473-67da-4889-b9c6-6dbf212cb5ea,Chilly-Mazarin
node/4382643974,801d46a0-8383-451a-8994-0e1b5e5842d0,Chirongui
way/399123667,d75be620-16e0-4ca6-9f75-7a5b9494c84e,Choisel
node/4798915606,b99c71ea-75cc-41f2-93b2-14113f91d217,Choisy-en-Brie
way/66132737,a7cb763f-e6a9-4ddd-9f5a-2809b282e2e0,Choisy-le-Roi
node/423989967,830ac83e-5a0d-4ec0-a7c9-fe80f9124c2e,Château-Landon
way/148529985,3497246a-14ee-4b0f-8e31-e05f81ec4cfa,Châteaubleau
node/2172231532,80b3dde3-01fe-4d93-8701-3629d0e1d412,Châteaufort
way/89671972,2bcdbdb0-2fe9-40b4-9548-ef76edd5d614,Châtenay-Malabry
node/11042437578,6258bc66-5d01-449b-b13f-1409f29e647e,Châtenay-en-France
node/4798915880,2a551eeb-cd55-4d98-a7ec-787e51a8b6f7,Châtenay-sur-Seine
way/349231975,aff25e0d-d0cb-4e3d-a32a-d48e52dbad03,Châtenoy
way/87394669,74daed04-861c-422c-b9a0-ec6da2a500b5,Châtillon
node/4798913797,14a2c745-094c-466b-92b4-1316a49688d2,Châtillon-la-Borde
way/148531556,05869a8b-d18f-4465-bf62-00b7da5c756a,Châtres
way/401935598,c50862e1-95fb-4cd3-871a-2bcbddaefe58,Chérence
node/1928575754,6b917eed-351b-4dba-9317-fc69de0cfe54,Cilaos
node/4798913789,209de1c6-b68e-4145-b9ab-d6cf16e67b13,Citry
node/912616934,fea18190-a279-413c-8cab-7d95d44f964e,Civry-la-Forêt
way/110090394,a292c784-f9db-4c0a-86bf-21b9e20c9ed7,Clairefontaine-en-Yvelines
node/269306155,549f5e48-395e-4c5a-87b9-f827a8fe50b7,Clamart
node/2656471395,c4c7d81e-e1b8-4503-ad03-841cc0cd1899,Claye-Souilly
way/74471585,470f8d8b-c2f2-4f08-89e3-21ee52d61cb8,Clichy
way/77731966,7493c233-b6c2-4a29-9d88-794857194492,Clichy-sous-Bois
node/4798915591,71c5458f-0c40-412f-9ae7-bc32fcb82651,Clos-Fontaine
way/444155792,7596780f-b167-4626-9e4a-18968c43518c,Cléry-en-Vexin
node/4798915566,04bdf64f-1853-4e87-be3d-d26da57dd131,Cocherel
way/372456775,db64cb80-fff7-4756-96df-f916f4b9fc3b,Coignières
way/115405802,03328750-c1f3-4150-8da6-a448328de154,Collégien
way/79573814,39bda65a-aabf-4208-be04-a71333484fa2,Colombes
way/168058004,3cd22b67-cd67-48d5-955c-27fc85bee115,Combs-la-Ville
node/4415269823,823e77e3-f5dd-4def-8260-b1f81e97b8fb,Commeny
node/4415269823,823e77e3-f5dd-4def-8260-b1f81e97b8fb,Commeny
node/4798916230,59ac8a8c-63a9-4673-95df-b9c6fe4debcc,Compans
way/886987982,48302552-b075-489e-88c3-baeb3aaee59a,Conches-sur-Gondoire
way/252946100,96aed90a-6aa8-44b4-82c7-88c3f5accf12,Condé-Sainte-Libiaire
way/161265117,c6684708-a0bb-49bc-88ef-2f31faf40d0c,Condé-sur-Vesgre
node/2846230684,9ffda25c-2d66-43aa-ae6f-b2840d226823,Condécourt
relation/12584006,37d78eee-dbb1-4e24-87bf-a39473aceb46,Conflans-Sainte-Honorine
node/3499196415,5260fd74-54fa-4070-9a3d-1c971083a2c9,Congerville-Thionville
way/115410479,6e98301f-47da-4f7a-a4e3-4d59f07d04a8,Congis-sur-Thérouanne
way/63584930,32a86ecf-5e38-49af-a6db-a4dd7693a6bf,Corbeil-Essonnes
node/3486076913,a800a2ea-b51b-4971-b1ba-02b88f65468c,Corbreuse
node/2947769944,24357758-b556-4837-8218-98dd2dc33fa8,Cormeilles-en-Parisis
node/4502937727,797b5f3d-b910-4d8c-88ea-99161b28168e,Cormeilles-en-Vexin
way/176261421,ab91018c-1b66-43bc-a265-300ad21754d0,Coubert
way/145232333,4cd09b6e-4830-4e66-9557-475211532082,Coubron
node/4005783167,f9381b10-ced1-45df-88c5-9077233d93d4,Couilly-Pont-aux-Dames
way/115412269,288fd5e7-873d-42a6-ba46-56762cdf2dce,Coulombs-en-Valois
way/289919375,2f709a33-625c-418d-8c20-491f843bff25,Coulommes
way/115169579,5f952b0c-efbb-46f3-bc56-8eb98bb0eb41,Coulommiers
way/373765357,da471c92-b13a-492f-a763-b9f1fe5e158f,Coupvray
node/3499198261,cd8f30ea-eb52-4837-8afb-6ab1247063b5,Courances
way/82322948,58ffe801-7c23-4e1b-9fbb-1ca0a9cb033c,Courbevoie
way/278798502,fcf42dbc-05ae-49c0-99e3-e69a78e6ed56,Courcelles-en-Bassée
node/3298364363,ff845de2-7283-47b8-8b49-3b06dad40a43,Courcelles-sur-Viosne
node/4798916939,7e6546b5-4ee7-4b6f-ba98-480b254e371c,Courchamp
node/8168685681,997b040d-9608-4002-a37e-8a8e19352817,Courdimanche
way/146289744,2101d8ab-610b-4f33-804d-59ca4e83c05b,Courdimanche-sur-Essonne
way/132304142,08340378-bc3d-415e-b2f2-64deeed952c3,Courgent
way/227533794,7f228002-6f21-4984-9577-80a1ed9b0a4f,Courpalay
way/149735977,872000bb-6e59-4405-8c57-6431eb417c39,Courquetaine
node/1935226126,c63a6f0d-e112-43bb-b27f-2f99b2ea354a,Courson-Monteloup
node/4798915559,fe698dc3-d6e3-4204-84c9-7b4844a1e7e5,Courtacon
way/113373072,5240ae74-56a4-41c1-9bdc-2e5c87bdea2d,Courtomer
way/104065500,5a760268-5c29-40fe-98fc-f1c5aba76f2f,Courtry
way/309411171,a8a30176-1033-4e0a-a1f4-c99758a381e1,Coutençon
node/4798915894,4af731eb-1317-41e9-85ae-9ce8a3db15bd,Coutevroult
way/386945049,b4ef0b4c-2b59-4d4b-a107-7342ae0f6cc0,Cravent
way/228747579,325db587-cd65-4d3b-916b-970544afde0f,Crespières
node/4798915620,a465edd3-2a63-45d9-8b6b-e28f1cffdaba,Crisenoy
way/115417625,5563c925-180f-4390-8a55-ed96b310f8d4,Croissy-Beaubourg
way/150245986,94e55aab-e069-405b-a796-177bfbff42ad,Croissy-sur-Seine
way/149853348,186e18c6-4b3f-42fa-92b5-f028c728fd3b,Crosne
way/115413657,293cf18f-96aa-40f8-b58e-45881f8fd1f3,Crouy-sur-Ourcq
way/149746662,20661432-3adc-489f-b92d-4af9413eb26e,Crèvecœur-en-Brie
way/373781980,90d64d41-b994-4750-b66c-be667f1cfc46,Crécy-la-Chapelle
node/11423198400,48cb2258-f7a9-41de-bc25-6b829c98de69,Crégy-lès-Meaux
way/62413907,e341dadb-926e-4e80-9868-b67c665aefda,Créteil
node/4798916223,c3c71d8e-6f06-4398-aaad-6328ecef1a23,Cuisy
node/4798916929,25d5a9d0-78d8-40f8-b3bc-811b7ccf4779,Cély
way/153368335,a383053e-8ad4-4cc4-9912-65dfd75363a0,Céreste
node/3499184592,e1fec707-784b-45aa-933e-958f017fbf2f,D'Huison-Longueville
way/149749238,3290accd-e09e-4031-9f74-669af8aba4e4,Dagny
way/113080493,95b408b7-4c73-4e9c-b8ff-9e8b2103d6d6,Dammarie-les-Lys
way/147977620,148e6580-1011-4bed-94e0-05f30ed0c78e,Dammartin-en-Goële
node/1161183226,f1b441c8-6451-4c11-853e-276e09e92405,Dammartin-en-Serve
node/9309443751,03836c51-8833-4c57-8d42-9d6476f58ab2,Dammartin-sur-Tigeaux
way/379329068,0a776682-9b6a-4aef-b006-60ce1e5a7c0a,Dampierre-en-Yvelines
node/4798915914,b08c444c-4757-40df-b02c-0b819a0db5a8,Dampmart
way/132345877,baae16b5-1636-4446-bc18-f58916066665,Dannemarie
node/2707002396,b8f14126-2ce1-46da-a829-624d2c12dcbb,Dannemois
node/661708899,ddd39645-8010-4c74-af22-43cb8590cda6,Darvault
way/379681070,4d3f7173-2d29-48fc-bb11-177bb941aaad,Davron
node/9331359740,523f9d2d-d269-4717-b230-8441ad063022,Dembéni
way/41767073,7d52a576-c119-48ae-be06-5360dc56f098,Deshaies
way/146945961,42047bde-8b69-4ae9-9efd-64fb518de5b3,Deuil-la-Barre
node/4798915861,2db9bd73-d9ce-447b-9696-eefd5c3de0e7,Dhuisy
way/278796201,626ae5de-ac21-4d4a-84f3-ec80b6044ba9,Diant
way/71163036,9082b76c-8f38-4280-b8f9-2bb0e644c2fc,Domont
way/278607388,38ecd2a7-231f-4235-867a-efcbf9ce8744,Donnemarie-Dontilly
way/240612072,c60406e7-d718-4b14-99f9-c5102ef2a0b4,Dormelles
node/4798915906,59a7c319-91dc-420d-9a53-b845577c0e31,Doue
way/80487291,f82afbcd-1737-4788-9516-6ecbfca6f2bd,Dourdan
way/143690357,a752d301-0fce-4d6e-87e9-3b12ecf6eacd,Douy-la-Ramée
relation/6866540,617abe4b-a3ab-41a1-9fc9-b76c030f46c3,Drancy
node/4443811097,e902f732-c79d-477b-9049-c12dbb237975,Draveil
way/133435404,d10004e7-4fa4-4e16-90ea-c07739d8bd42,Drocourt
way/47053205,43efc528-f165-40ff-838c-392f2a6155bc,Ducos
node/4590640043,ab1abcbe-ed56-42a2-8af5-9ab277579e03,Dugny
node/1871359412,2c6a8359-fe57-4742-ac70-89c8c68937ba,Dzaoudzi
way/77624559,191abfc4-de45-4f79-9707-ea6e867103fd,Eaubonne
node/1867285424,d6ed4193-d75a-4036-834b-497f16394f94,Ecquevilly
way/146887392,c6d418c6-9238-4ef2-a21c-3c608c727f06,Enghien-les-Bains
node/1769274646,ee76b2ab-231a-44b4-817e-3011fe2c3e08,Ennery
way/69579763,84cf1df4-cd43-4984-82fb-c967b9078194,Entre-Deux
way/43691936,05c6dc9e-ff22-4531-bf9a-0ae01336d65d,Ermont
node/4798916936,61e039ad-fc83-4465-ab45-e96f134af833,Esbly
way/278690107,53b1a95d-88be-489e-bf93-b1537fbf940c,Esmans
node/2744264832,317c8b8e-6883-4026-8524-ed7aac1bd0cb,Everly
node/4798916937,dd9d6130-e817-4ed3-a834-9afef18ee504,Faremoutiers
way/149772796,64dd3e60-2b3a-4488-be92-bd8878bda0e8,Favières
way/77505818,634bfc7a-9d7f-4c43-809f-3806112450a3,Favrieux
node/4798913810,6051ae12-5780-45f9-9827-e110100c1bf6,Faÿ-lès-Nemours
way/116082084,7ac72be3-4757-479b-8568-55bce14a11db,Ferrières-en-Brie
node/2133843888,fc20141b-3cdf-47ae-8baf-f9e2e7bc0e00,Feucherolles
node/9231856925,c88a8646-6791-48dc-b655-a09185bb7006,Flacourt
way/278781801,a495bc42-42b3-43b7-a9b0-447469ced9ee,Flagy
way/94250542,fa510bb3-75dc-4386-a475-0f579a8489bf,Fleurigné
way/115379943,fe805248-5baf-4a54-a9be-a7ad57b3ca2c,Fleury-Mérogis
node/4798915877,cad22c37-1e4f-4d83-90ad-2071a9d40173,Fleury-en-Bière
way/210735992,766e908f-308b-405b-a600-de3bd048a2f5,Flexanville
node/1774708687,5d9f3e41-9114-42be-99f7-278711dd6bfe,Flins-Neuve-Église
way/132338459,f6070a87-4e9e-4969-8f07-c703019e8ebc,Flins-sur-Seine
way/161266836,44fe1af9-cf55-4e0d-94b7-ea32201bb80e,Follainville-Dennemont
way/125364972,6868f0c7-f088-4e29-963e-6173f0baa8dd,Fonds-Saint-Denis
way/222392786,7d4548b5-7e2c-494c-9e76-bab0ef31a668,Fontaine-Fourches
node/281000780,4ad6576b-9b71-4704-a27c-73086ab8b0e2,Fontaine-la-Rivière
way/113386275,00007e4d-264c-43a0-b0b7-7f3b7dd995ab,Fontaine-le-Port
way/289357566,3a0e0817-ddb1-4747-8e11-2d1b060fce25,Fontainebleau
node/9309417812,8f5ff3f2-515b-4ee7-8875-940fbb8414ac,Fontains
way/201826959,8944bf34-dd64-447a-86b6-8b11b424c959,Fontenailles
way/133432217,89ad0649-8684-4d27-b23d-6094b06c4b3b,Fontenay-Mauvoisin
way/360581229,5bc9f07d-a915-4b1d-babd-f899b2a857b1,Fontenay-Saint-Père
way/115158500,d9af98f8-0206-48b3-9989-e6cba03078aa,Fontenay-Trésigny
node/2453257588,ce9f34b3-26b5-48c4-a8d0-657065a643a1,Fontenay-aux-Roses
way/132168020,14a20c0d-01bd-424f-805e-ce02d8489ac0,Fontenay-en-Parisis
way/124548577,95051a60-8132-42c2-85ff-be18af9ecf05,Fontenay-le-Fleury
way/108257812,2bcafbb5-2e14-43c3-81b9-aed271f63444,Fontenay-le-Vicomte
way/248082455,bdcf989a-b36f-4a51-aa28-bc7c58c88526,Fontenay-lès-Briis
way/105707192,5a8361d8-a990-4e49-913b-83f478d4afaa,Fontenay-sous-Bois
node/4798915617,d78c4284-ce75-4e58-90d1-bc3cb46cf6cd,Forfry
node/4267664794,71829fd8-4ab9-43e7-b5bd-853baa4f8234,Forges
way/342899769,24684a12-7701-42f5-8b0d-8a189cf05c92,Forges-les-Bains
way/255555299,5b7a88d1-c577-4729-a8ad-178a3239caf2,Fosses
node/4798915898,c9f2680d-163e-4fa9-939c-103688886eac,Fouju
way/303354766,0f060e04-7e00-445e-be59-65f689433a7c,Fourqueux (Saint-Germain-en-Laye)
way/75929620,2baecf4b-4225-486f-8de5-66b397ab3c56,Franconville
node/1854311749,4c68e568-be67-4408-9e3b-042967273aad,Freneuse
way/86347713,1f7ef502-3bdd-4fc4-886b-aafee42cbce4,Fresnes
way/386806084,0ef559e8-8173-441c-9b3d-8243bddded99,Fresnes-sur-Marne
node/3878103417,b9f3d7c4-08f9-48e0-a094-1a2a48673e47,Fromont
node/3406597326,b0487081-8801-4128-9abe-6d7b87d89008,Frouville
way/64219036,a4abaf83-9ad6-43ce-8434-490ee5c2ab44,Frémainville
node/479939479,2a18f218-ef17-4c5e-a230-07e6231e7534,Frémécourt
node/1800265378,b4a34778-f6e0-43d0-b222-f27c71f18a76,Frépillon
node/4798916228,51d2cf34-10f3-41de-a2ec-e5fe3558ebe7,Frétoy
node/4798915546,9d5fb890-a74b-4a8b-9a2f-01f44543bd6c,Fublaines
node/4798915603,fae7eb42-f196-45f4-9513-c0452d363186,Féricy
node/1863066949,9f2ff84d-fa48-44b3-95e4-3d4d1e375f37,Férolles-Attilly
node/11522222346,c23327b7-7798-43a7-9316-569727c7e278,Gadancourt (Avernes)
way/145105218,dd411286-4870-427c-8563-6f2e26e9b3e1,Gagny
node/11036356264,ce325154-67bb-4c8a-93f4-aca48ce7eff4,Gaillon-sur-Montcient
node/1937590523,3bcd3797-0a67-4cac-b54b-4823b90a0d27,Galluis
way/270294593,592976ab-5bd7-48a8-a31f-2b4b06211489,Gambais
node/11006246021,28b5fce4-5981-4937-abbe-0f3c007028a2,Gambaiseuil
node/3584145428,4cf2a992-bc55-429c-8158-6a9c82cd58f5,Garancières
way/78815987,6a008562-df52-4a92-bf68-f17b61f95865,Garches
node/3878093991,a0075470-2ac6-4f9c-bf8b-59760c01e531,Garentreville
way/335677359,d3051eb0-537a-4c85-8c1c-d44990ae131e,Gargenville
way/269289083,bc2e3ef3-b2c4-42a5-b746-488e49671331,Garges-lès-Gonesse
way/219079220,5ec7ddc4-679d-43a4-8339-2ad71b592170,Gastins
node/359915608,52a773e4-7d35-48c9-b9d9-3a99c0373c3e,Gazeran
node/1461473731,ccbbd1a0-e795-48c0-b890-710deb3137c7,Genainville
node/4039068552,e674993d-27c8-4ff0-afc0-9917844bbd68,Gennevilliers
way/81088721,f96392d5-8619-4542-8674-7ecebf1f8b08,Gentilly
node/4798916235,9abada1d-d16e-4db6-99da-3a01b8182d23,Germigny-l'Évêque
way/150376631,d86293c7-8da4-4b13-b12c-41a186c4d4cb,Germigny-sous-Coulombs
node/4798915913,c7649b60-5612-4764-a2c3-b9f80996cae3,Gesvres-le-Chapitre
way/63423908,733c18e4-67a2-4951-a863-8490bae91d55,Gif-sur-Yvette
way/931765011,035a56e3-e273-4f07-afcc-5f5257e409dd,Giremoutiers
node/3878136795,d38c7ce6-b84a-46a8-8b7f-183b9b04c9fd,Gironville
node/3500535497,2ce39795-2461-4fbf-aca0-e1054d57b440,Gironville-sur-Essonne
way/362695009,509cc736-2143-499a-9258-e772db8cfda7,Gometz-la-Ville
node/2902258515,f3064d06-c1dd-49de-9e5b-7bc599b74257,Gometz-le-Châtel
way/601250277,2d19decf-3b5a-49aa-9137-d21fe9f187b2,Gommecourt
way/105034670,6a1a57e0-11f4-4548-84cc-70760f8dcc47,Gonesse
way/249137902,e4dc41d0-7612-4442-9e29-a0761c4e8346,Gouaix
way/397846331,217ed14b-02d0-44bc-a6da-3ad4586c6681,Goupillières
way/300276061,1d703b2c-8592-4393-be83-e44e67701314,Gourbeyre
node/796694179,204400b3-9717-4ef1-bec0-181dffeac4b6,Gournay-sur-Marne
way/211000452,559a79a7-da48-485d-8569-a0e3c2a61830,Goussainville
way/325303925,af07c25a-a407-423b-a43c-cbdb0b87094f,Goussonville
way/886737385,7460d88e-221f-4709-b70a-de0b53f0381e,Gouvernes
node/4942249409,42099da4-7deb-4643-b7ab-9e12a6e98da7,Goux-les-Usiers
node/8170857043,145ac969-034c-4912-b3b0-ba29a1ac7480,Gouzangrez
relation/279079,2f482bd7-9f37-41a0-8291-d12893120a3a,Goyave
way/125070748,bfd68e11-b915-4515-a77d-08461f895280,Grand'Rivière
node/11181720162,a6e80ecb-28d9-4738-bdeb-6023b69134ba,Grand-Bourg
way/208418052,dc875459-525d-41fd-a2a2-503b9d3e9412,Grand-Santi
node/11277508954,7f8b4a1b-7862-44a1-806f-080a8d20a677,Grandchamp
way/115315327,80f07344-db1a-4a80-b940-137d4845f8d5,Grandpuits-Bailly-Carrois
way/227553683,8a7fb59d-7590-4143-b202-9a2e71836782,Gravon
node/929273718,07fa7459-b31f-484f-a6e4-90d23faf93e9,Gressey
way/138133077,a9db3c0d-e7a8-4283-a314-587dd5c25f54,Gressy
way/113407850,673adf26-cc72-4113-b0ea-bf4c292925ee,Gretz-Armainvilliers
way/251725997,ee16984c-9ade-4d90-b801-bf4eaac5fed7,Grez-sur-Loing
node/3500536369,bf9ab01c-1071-4782-b87e-d759882897e9,Grigny
way/113399255,b62ed54a-c147-4a2e-8ab6-44c0a382a140,Grisy-Suisnes
node/480075535,c6942a2a-3cee-4008-acde-d3ef04fac826,Grisy-les-Plâtres
node/4798915900,fd268ce6-9f58-4c1f-bbd7-1cc06776e230,Grisy-sur-Seine
way/178213097,b14652f2-24b2-414d-902c-607d6450386f,Gros-Morne
node/8171008890,eb26987e-5081-4b69-bf8d-46ee555e869f,Groslay
node/11036393169,248f8bd9-cf23-4136-ba12-90d4b9245dde,Grosrouvre
node/3878093992,7c4a6fd6-b0f4-4340-8dbe-9053f4b77952,Guercheville
way/116090552,6d4db8ba-45fa-4655-847a-ae075615b414,Guermantes
node/11094225980,98ad248d-ae83-41d0-a751-06e70751969b,Guernes
node/10124720763,3d0825f9-b967-4de0-8d22-708a1a3cfff1,Guerville
way/146295016,536a7c3d-2f91-4972-bb5e-0b90b3419a49,Guibeville
node/4798915604,3c403121-1baa-4cd4-83a8-02fd2dde9607,Guignes
way/142420526,7fb44a44-0952-4c0f-8a8c-084aee63b5b4,Guigneville-sur-Essonne
node/3486444541,b3a0f427-e4b1-4898-874d-94cc162bab62,Guillerval
node/3244789792,8d1f119f-a851-498f-82ce-32fc4deb702e,Guiry-en-Vexin
node/597174013,8abc6854-4b7f-4133-bb40-94a8fa405d40,Guitrancourt
way/278778164,da8205e4-4b2f-48db-aaca-a78d44304107,Gurcy-le-Châtel
node/1747622827,e4f23222-be40-4f4e-9450-794d201e73d3,Guyancourt
node/1227093802,4b91e2bd-de1e-4f6c-88a0-5d0aaa77aa26,Guérard
node/480090370,94597121-a0e6-4cea-b432-28123454b81a,Génicourt
way/444621627,d41fe889-27d1-440c-b7f3-bb66ec66e4b1,Haravilliers
node/619349851,8924d39c-f0e9-444a-ae30-ce6b2ee2c9cc,Hardricourt
way/241756846,9c82a5be-a4ec-4e66-a8da-e31fd35c0104,Hargeville
way/422812746,afead7e3-6bf3-4a87-ab9d-382592e3a996,Haute-Isle
way/148675450,9bd6f079-9ebc-48eb-806a-304dd8ed4e58,Hautefeuille
node/10287777231,7f56bd15-9b66-4be3-b31e-2977ff67cfa8,Herbeville
node/665904336,321ff305-f192-48a3-9879-f74325286679,Herblay-sur-Seine
node/359553712,b58c6286-4e61-4c75-a221-ad374cc6b284,Hermeray
way/184598254,d62279d4-fff5-452f-8b2a-3760884fbe93,Hermé
node/4459114228,0a6c4ad6-0b1c-401c-88e5-cfdd922e81b1,Hodent
way/202841484,e8af4888-122d-475c-9ac6-4e3299708ad5,Hondevilliers
node/1765077223,03e2deb1-788c-4cf2-862a-03e5d08d6d61,Houdan
way/131524106,57d89683-67c5-4ab8-a855-1e3c5b9439e6,Houilles
way/180615365,b67f63d8-3450-4906-a6f7-98570a81517b,Hédouville
way/161051928,922e2a6b-8981-4314-b123-c91b840a9a6b,Héricy
node/499486210,3e4170c2-17ca-4e85-97bb-5486cb486fef,Hérouville-en-Vexin
node/3878136793,e61aab56-fc18-4b5d-b5be-56f66c41db54,Ichy
node/139222605,7867fb36-cd41-4161-84af-c40c1393ed5a,Igny
way/236896886,e8b0a49a-ec8d-4c38-ab57-64bb535aa44d,Ingrandes-le-Fresne-sur-Loire
way/299920668,3c93c068-d342-4f66-a086-f6a837478efc,Iracoubo
node/3394552036,edd68eaf-8874-4fbf-9dff-3aa22fa8edc6,Isles-les-Meldeuses
node/4798913775,d21a5a1e-ab4e-4941-8c98-5e0958383eeb,Isles-lès-Villenoy
way/400626751,2fda29a5-6430-4aff-b625-75a7b0a23d39,Issou
relation/4127753,bfc152df-1cb5-4ced-8a7c-3229ecce3add,Issy-les-Moulineaux
node/3486476755,7e912bde-1220-40c5-bb38-e21edeceb6e5,Itteville
node/4035051195,d4950b57-9d8c-49c5-b49c-56124bec00db,Iverny
way/263069797,8a2e9935-0178-4b67-8fc7-9e5d3ae84f53,Ivry-sur-Seine
node/3024644382,6bc365df-b7ac-497c-8d4b-3fba266808c9,Jablines
node/11042390662,f5f5449e-36b2-4d6a-8b4f-b436dd224d98,Jagny-sous-Bois
node/4798913786,d1e946df-131e-40b9-b54f-330f5dc72462,Jaignes
node/11036364350,bd0fdc12-839b-4807-98d3-37acec1852df,Jambville
way/102731568,14cfcacd-eb52-4489-9adf-7fe491a7e4d6,Janville-sur-Juine
node/1835463668,f8b841a1-26a5-4e53-b783-ff1826da8a56,Janvry
node/4243151493,63052fd2-4c29-49c9-877e-a37f98eb3614,Jaulnes
node/1749496212,23967756-8046-40e3-927a-9f5a1d5e85bf,Joinville-le-Pont
node/4798915856,0b0ccb97-71d5-4d33-85b4-614119693355,Jossigny
way/116104968,7193b1f7-fb04-4d4d-a9d2-d1d51a0e1382,Jouarre
way/558909334,e7da47dc-8aff-483f-9fc9-33c8a4fc2063,Jouars-Pontchartrain
node/707965863,ed2a385c-500b-4e10-8642-02bb28b733bc,Jouy-Mauvoisin
way/70426682,e030bd8c-da58-41ea-b255-bc9b409aab92,Jouy-en-Josas
node/4798915902,4f173847-fa56-43b9-92b4-8c25bdde8a3c,Jouy-le-Châtel
relation/1437581,86d3c512-5469-4fcd-bf72-a98d705d9bd9,Jouy-le-Moutier
node/4798916227,c440fb2d-97e8-4b28-bb31-c662d318cf9f,Jouy-sur-Morin
way/249305744,c34a4204-488a-4f7c-9cdd-3facfd5fb5d7,Juilly
way/310594838,028f0b45-60e3-4ab1-a9ca-0894d2590d79,Jumeauville
node/3974485343,80443674-10a6-4101-8cf2-08ed89bbc1e5,Jutigny
way/148076530,aebda5ca-21db-4b3e-b239-e330dcb0303d,Juvisy-sur-Orge
way/389196439,5be61e24-b4d9-4ed3-8523-416df5a2437c,Juziers
node/3854441761,56c7ea77-30b0-4871-a72e-a2ac69cd32be,Kani-Kéli
node/7088130050,8c7b73f5-7964-42e0-b841-2eb7e6e9be79,Koungou
way/125092614,1e6fa274-9851-4fb6-82a4-51970221a4cd,L'Ajoupa-Bouillon
way/124362093,58aaffa3-1baf-4a75-b8f0-36936113dbf6,L'Haÿ-les-Roses
way/72263626,1cceacb6-3ba1-453b-a9fe-516b2e57c6ed,L'Isle-Adam
way/134389169,48931056-a2ba-4eb1-b895-f9e93bdf4e68,L'Étang-Salé
node/10694478289,13836561-9721-4268-9bf3-cc6a64cf3844,L'Étang-la-Ville
way/63229797,c0063fb3-66af-47e7-8b8f-7464c8e7843a,L'Île-Saint-Denis
way/251217113,4f497cb0-7aa1-423e-a538-a5495e3f5ea5,La Boissière-École
way/292690761,631e4966-9ed6-43a6-975a-0b9653207211,La Brosse-Montceaux
relation/3429031,2dad54f2-8b78-4f7d-959a-dede277e84c0,La Celle-Saint-Cloud
way/133110710,78629931-8dd7-4098-87ae-814a5da44b96,La Celle-les-Bordes
node/9309443750,b5d7eee8-b18e-4f4b-a166-258eec3e763b,La Celle-sur-Morin
node/4798913787,c98a41b8-2c66-4cfb-9189-f5bf504bf3dc,La Chapelle-Gauthier
node/4798916232,2ab7e42f-10fd-45ee-a0db-229a61afb36e,La Chapelle-Iger
way/86938361,6c3fff1a-1b81-48b1-816a-524894b55a8e,La Chapelle-Janson
way/148459803,8ecf4cc9-aa60-4a76-af9a-88e9b0ade9a0,La Chapelle-Moutils
node/605241483,5e298ff1-37ac-4274-9205-65da3a7becd0,La Chapelle-Rablais
way/148527340,82251ba8-666e-44ca-b9cc-6943b4818e77,La Chapelle-Saint-Sulpice
node/8168501481,725b465d-44d5-4319-80ce-e48dc856a3f9,La Chapelle-en-Vexin
node/2178593624,c057bb2a-5d18-4c46-82e2-0afadeb1d7d5,La Chapelle-la-Reine
way/67177553,5e566cc0-af29-41b5-b979-44af8c4e1fb2,La Courneuve
node/4798915920,b4a22ca7-eb5c-4141-a754-43b595bd4817,La Croix-en-Brie
way/66514765,a6b02fe4-302e-4a4c-ae02-7ea780d38629,La Désirade
node/9426406597,51c4efc1-4b9e-4707-acb1-9cb4fb362c70,La Falaise
way/142311167,922a0248-29a3-400f-84f9-07fb9a7180cd,La Ferté-Alais
node/1505745193,bf046ea3-8485-4907-bc87-c513aaee36a6,La Ferté-Gaucher
way/116091044,4b1a7b9c-3ebe-4838-902f-fb2a67e4853c,La Ferté-sous-Jouarre
way/356365234,42178af9-1f32-46ed-a130-cdb53400927b,La Forêt-Sainte-Croix
node/3500544138,1b092783-147a-4246-ac89-58edc3b960c1,La Forêt-le-Roi
node/600024641,1afd5622-3be5-4cc0-86a2-53857b376dfb,La Frette-sur-Seine
way/66385426,5e02ab51-b295-43ee-9ca8-a510eccb79b3,La Garenne-Colombes
node/4798915616,a540095d-886e-4696-a999-73943a994d6e,La Genevraye
way/115213344,a4b5c65a-c76b-4280-b255-6ac68d135c08,La Grande-Paroisse
node/4072548387,0fbaf2a6-1cf7-48c5-9759-b459cad7a236,La Haute-Maison
way/253366288,1c2ef89d-b0c8-46d0-9f8b-7157086c6635,La Hauteville
node/4798916225,fe6b78be-9e62-4bdb-97fd-64c4528a75f2,La Houssaye-en-Brie
way/267500809,14c0d83d-f0fc-4245-a5a5-88bc4e0a00f4,La Madeleine-sur-Loing
Way/99940874,4b026d7a-0818-46ce-a7a6-17d7776d14b1,La Moncelle
node/2515696384,7f7a5a82-6ab5-4ee9-9ab6-dd6530cbad2c,La Norville
way/67317511,b18ca6c5-2f9c-4417-b9a3-2695c15a759d,La Plaine-des-Palmistes
way/147871237,c0c8de37-f768-4ab7-87ee-510c3b0896f0,La Possession
node/711951886,65bf062f-ef55-4455-94d4-913429d4001b,La Queue-en-Brie
node/1257068657,5ad410cb-a605-40e1-b0f4-5440c337085c,La Queue-les-Yvelines
way/401460015,19e1101c-484f-46cf-8d4d-ac16ac16c0a0,La Roche-Guyon
node/4798915878,add99e18-f74f-473a-8ed9-4ed481803bbd,La Rochette
node/4798915864,d22f11c2-0a78-4b9f-98b5-94345c937710,La Tombe
way/287480575,91224c84-fb42-4957-afd7-603a0cdebb29,La Trinité
node/1251218836,384181f1-9590-4701-a3f1-141364ba7017,La Trétoire
way/70809073,4f286db6-a8ea-423f-911f-a3e5c1c31a3e,La Verrière
way/161183703,f9d49a2b-638c-47cd-9520-e8dfc7ad0458,La Ville-du-Bois
node/11197872372,4de95aa4-6b88-451b-8603-ae93269006e0,La Villeneuve-en-Chevrie
node/4196739057,5161f997-22a9-4071-8379-559879f8deba,Labbeville
way/63698706,c7d2e95f-fe07-4786-a708-4e770a5d4a5e,Lacq
relation/1585999,5c90f47d-e5ea-4e2b-9f44-78863808e6bd,Lagny-sur-Marne
node/596121585,88c5cc9a-ba41-4af0-bc57-1d1a0f7db36b,Lainville-en-Vexin
way/41586004,4ff6951d-4333-4f9d-b4d7-50803cd5c57a,Lamentin
way/239285451,9acc8e99-ce6c-44fe-bc5f-c5a4e32de818,Larchant
way/103212205,3b4f3ac4-c509-4069-b1c6-d7eb676b6ddd,Lardy
way/273757036,d84d212f-c26f-4de3-be09-97bdf104b090,Lassy
node/4798915916,c372fc6f-35b5-40c6-b0ce-b32cc7c83e91,Laval-en-Brie
way/444264352,f65c0f27-c5bd-4c3f-a079-9a84462a91d7,Le Bellay-en-Vexin
way/84289457,d2636c0d-5766-4ab1-925e-708f7aba3051,Le Blanc-Mesnil
way/79310436,c4a49ae6-5b35-4b63-b805-e7f8ba71cb17,Le Bourget
way/178860441,11810d3d-56db-43f2-866a-075fa675f1a7,Le Carbet
way/73893452,23434cbf-52d1-45bd-ae04-598c623ed220,Le Chesnay-Rocquencourt
way/113312454,999e6c94-c520-4541-820c-d8d36634fa3d,Le Châtelet-en-Brie
node/3486566570,ee7e1eb2-9f04-48c0-8704-4aaeafbb6809,Le Coudray-Montceaux
way/919944348,46489f37-863b-4e2f-9be6-790adbd3adb5,Le Diamant
way/177724734,51f8f2f5-00d0-4f79-8544-031a8270fba9,Le François
way/47005366,2d2b93f5-c693-4682-9402-c95980c39aba,Le Gosier
node/8171353223,308bac6a-4866-4ed7-86d5-c16a67231aa7,Le Heaulme
way/67284320,fd400a01-6af8-42e7-b8b2-27aec37a483e,Le Kremlin-Bicêtre
way/1101746564,029e81ab-67d0-4fad-85ec-f8ac9212ce31,Le Lamentin
way/181135244,25917ab3-62e8-49a4-87d9-cf8e880993bc,Le Lorrain
way/125338094,1b0c6a82-5e65-47f0-8f34-ec30ace3a0ed,Le Marigot
way/287779465,16158bbc-be57-4398-b93d-767449a971f1,Le Marin
node/4798915586,a4fe1607-be8f-45c2-a447-f82ae034796b,Le Mesnil-Amelot
node/3870432573,8ab7032a-b7b3-449a-b5ff-8d0a20f1facb,Le Mesnil-Aubry
node/2388692636,04aca484-7308-4454-ac43-6bbdee72ce9e,Le Mesnil-Saint-Denis
node/9388541754,2e4cd50d-2ce5-4f7e-85ee-2ef7e8f13d47,Le Mesnil-le-Roi
way/179325994,681274a5-9968-4d67-b80a-7f31d4665805,Le Morne-Rouge
way/125354267,4aeb83c6-be08-4fd0-925b-462c914dd1ef,Le Morne-Vert
way/130362767,df65a13e-f551-4529-8068-728a61978a25,Le Moule
way/53046880,2c11f69c-ecff-4ebf-93c8-138bd36d4e61,Le Mée-sur-Seine
way/121019398,18ef6f46-c569-4d43-aa3c-346979a67f5c,Le Mérévillois
way/350498475,014bb39a-edf3-4629-aced-f17b77f9472f,Le Mérévillois (anciennement Estouches)
way/270135432,e27e6aef-869e-42b5-a2cc-e3a225ced3a0,Le Pecq
node/3741204334,d60f2d52-02b1-411f-bdfe-f891921a0faa,Le Perchay
node/1506143575,40dafa84-75f1-445e-8d9c-325e6f2c2799,Le Perray-en-Yvelines
way/149433057,1dab69c4-6208-4a2a-840d-f0e0b2c6c8cb,Le Perreux-sur-Marne
node/2639777856,9cbdfc77-a231-49bf-9679-221472262fb3,Le Pin
way/77413526,d827bf64-1064-417d-8f1c-3ec65438ecc1,Le Plessis-Bouchard
way/229305971,540437f4-bbe5-410a-8e0a-e4d7d9826b23,Le Plessis-Feu-Aussoux
node/11032181354,ff843565-3d0d-46dc-8f6d-01d8e22d7197,Le Plessis-Gassot
node/4674282192,7d6e6a71-da94-4c23-89ed-1dcfa24fd1f1,Le Plessis-Luzarches
node/3039943744,8e786237-2deb-438f-82da-680e3a6dbae4,Le Plessis-Placy
node/3500552273,cc63203c-0aa8-4cf3-855b-222d2f4c0531,Le Plessis-Pâté
way/70207197,c351a80d-2309-4e32-a6a9-1474398546bb,Le Plessis-Robinson
node/2901068912,37894af9-86eb-449c-9796-6426eb9876d4,Le Plessis-Trévise
way/277338814,7db3cd47-d60e-480a-ac20-5d8ef13f3c4d,Le Plessis-aux-Bois
node/4052535829,6ab2f27a-07f7-4447-8a85-0472680cd81e,Le Plessis-l'Évêque
way/64489671,62564faf-e545-40b9-b466-21d023a6ad52,Le Port
way/128926859,26926a54-e66e-43ee-aca5-845c4e1dfa9a,Le Port-Marly
node/8098468803,cc07d8e3-f888-40ae-9007-3332ef2ff43c,Le Pré-Saint-Gervais
way/125351883,af886d10-c909-4d1e-8b2a-b67c3c10fd56,Le Prêcheur
way/144236246,ee01d858-113f-4afc-a51d-180e1b514f58,Le Raincy
way/177871287,63bfb107-6390-4788-be00-5d38c88fa72c,Le Robert
way/130591357,a2b3ffe2-81ec-4531-9077-9328a1694e66,Le Tampon
way/253672577,42062920-1625-4b3e-8d5a-f66ad3f0f451,Le Tartre-Gaudran
way/310592498,aea39223-3f07-4576-bb0d-0f3fbecdda85,Le Tertre-Saint-Denis
way/147846341,17c52e52-51a8-4931-a59b-3ad915eda82d,Le Thillay
node/1674752351,c99d6359-3799-4c62-9906-c76586a6b0bd,Le Tremblay-sur-Mauldre
node/3486593628,e1e93110-9f52-4f1f-bdaf-978907af6538,Le Val-Saint-Germain
way/178030004,70e51cd4-bfa4-4f0e-9ff0-6f4736a900b2,Le Vauclin
node/3877931688,ac612e66-0351-4582-bcef-46ef146189e4,Le Vaudoué
way/109195605,49f84f55-ab89-4ae8-98a6-dd3b651901e4,Le Vésinet
node/6163688637,61fdff05-30a0-4b27-b34c-3fabef3ccf21,Les Abymes
node/1905675335,ac49252a-2525-43e2-85d9-d969d1abc8c6,Les Alluets-le-Roi
way/42726782,07627f59-349d-4ff7-9eab-30c312b8c94e,Les Anses-d'Arlet
node/2340360995,41665179-a4ac-46d6-b4a9-a869b611a862,Les Avirons
node/1076887300,0d285d10-7590-4014-9802-fda50e6d1814,Les Bréviaires
node/9309443764,ee890418-8cf0-47db-b513-4b675f525c5b,Les Chapelles-Bourbon
node/1166838223,106ef528-0bef-4561-ad77-db6ecb6faa48,Les Clayes-sous-Bois
way/133107824,82f70682-834c-4cd4-99be-23fe8345ef44,Les Essarts-le-Roi
node/3486572687,b11c5167-5575-446e-b9e0-e896f22fe476,Les Granges-le-Roi
way/73428519,9cab498c-1bc8-44a0-b82f-b6c51a4ecc2b,Les Lilas
way/253795030,37d60ca7-fc95-4735-9835-aea50ba143d7,Les Loges-en-Josas
way/150370651,2f5ac2ac-085a-47ca-9db2-d8fd40f75c64,Les Marêts
way/222777509,2d2ba6fe-1f6b-49ff-8ea8-78eef864032d,Les Mesnuls
node/3510148621,0b826e6d-9e37-4a20-895f-735ed9907050,Les Molières
way/132492485,861a9017-efe8-41b6-a699-58c66ea5c77b,Les Mureaux
node/3974454721,e12c1e98-ec2f-4ea9-af50-258d491fd1bb,Les Ormes-sur-Voulzie
way/141939195,f2fe3a14-0842-4cb5-a992-51ccf870fdb6,Les Pavillons-sous-Bois
node/1449125319,81f91db2-349f-4859-b487-e20d482fbad6,Les Trois-Bassins
way/285952963,0ee1394a-9c8f-41e0-a6e4-c72f9de55465,Les Trois-Îlets
node/3486583476,5e8c2c65-f71d-4d29-9ad6-a451d524e951,Les Ulis
node/4421951264,e3d3505c-6f11-45eb-9f05-ff6615621d8e,Les Écrennes
way/150702992,bc132cf2-2459-4427-b7f4-859918a604e9,Lescherolles
way/116107938,0cea22b3-84c1-452f-990b-6d192154170f,Lesches
node/3500561835,6d842406-55f6-476d-bfcc-5e2be20028a7,Leudeville
way/290327907,b5e90358-dfa1-409f-92dd-db1442af1fb7,Leudon-en-Brie
node/3486586548,00090adf-5d8f-4b6b-b69e-6f7a4461309e,Leuville-sur-Orge
relation/2212722,22c819af-b048-4120-a848-ae6cb0e0b9fd,Levallois-Perret
way/321992693,3111b9d9-2d78-42a6-9a10-5c26d4acd7f7,Lieusaint
way/376184993,a131b166-0c3c-468e-bdca-04b2195ae32c,Limay
relation/1547760,69ecb49e-fcd9-440f-9438-cbfb208e4257,Limeil-Brévannes
way/133429346,072cf4c3-d8c1-4443-ae6a-b44f4bad6fc2,Limetz-Villez
way/150714697,9b89b801-043e-478e-9d7f-31f0efae985d,Limoges-Fourches
relation/11747142,ad887a4d-9c84-4955-80a4-9ff310ef943c,Limours
way/1195170731,3c693b8b-88d1-4b5b-a5ff-f4408a2af732,Linas
way/129231376,18275df5-e3dc-4f7a-b9b3-971b301cce35,Lisses
node/9212904293,c9beacf3-f56e-4acd-97c2-d507d07e028c,Lissy
node/4798915561,2ac0fee8-8da9-4616-adb9-08009d639407,Liverdy-en-Brie
node/486611143,3cb7a4a9-236e-4530-a606-4027297d2b7b,Livilliers
way/145134482,65e4addc-78e2-4f3e-9a61-0d5dc0c29b4e,Livry-Gargan
node/4318336478,c571b032-7dfd-49b3-be7b-d09702081bec,Livry-sur-Seine
node/4798915870,214c3522-af2d-4f1d-9bfb-a54af036cf07,Lizines
way/116109025,8f52ef3d-0570-4f16-91f5-9d5ddfdce10a,Lizy-sur-Ourcq
node/11308276526,c78bca13-75ce-47ea-b5e1-9d4791f734ab,Lognes
node/1241170657,dd73a4b2-63ed-4bef-8925-ccd75193b31e,Lommoye
way/85458345,635f135e-85d7-4be7-a8a1-e2d664f612d8,Longjumeau
way/144338700,e6122ee0-c421-4f00-8831-f21ceffb2869,Longnes
node/4798913771,4175cf2b-c1bf-4cbd-a7f1-1023d658df10,Longperrier
way/145982763,176199da-1506-4fcf-86f1-adf02010a6f8,Longpont-sur-Orge
node/4415280073,686ee24a-c0a5-4e3d-99a0-851899f76519,Longuesse
node/3974485344,a6f9fd5a-3a51-4e05-b1d7-6e2e315be72e,Longueville
way/133076869,31fe05e3-b792-4caa-bdc1-19f895d30066,Longvilliers
node/761468878,ed1c7704-27a9-4d29-a878-e443814e4a48,Lorrez-le-Bocage-Préaux
node/4798913801,90da9f41-1759-439b-987a-d6371a0ea4ab,Louan-Villegruis-Fontaine
way/115390406,e2b9ab8c-d1b5-4074-a001-bca4055dab3b,Louveciennes
node/3894158195,5bb1c235-da1c-416f-a01c-f222e285bd58,Louvres
way/487789952,63e29097-f94a-4963-9a17-728f6c08444a,Lugny-Bourbonnais
node/4798915609,a9ab2a09-e706-4322-8071-9a5e91cd522d,Luisetaines
node/4798916935,2f7cb887-9a4f-4714-875b-236df421cc0e,Lumigny-Nesles-Ormeaux
node/4072553226,c5848a50-b884-4354-8948-65609f1e28be,Luzancy
way/147421526,b2147d94-9509-4bc6-9510-ee66621b6159,Luzarches
node/4798915594,df79bbeb-fc37-4f57-b8cc-241a940fa04e,Léchelle
node/1863067777,f65b67f2-4a3c-4d8f-840d-6f5f5a26ff54,Lésigny
node/1094698945,a52e744b-b273-4d98-b256-3d228fed45a3,Lévis-Saint-Nom
node/7121535486,a996308b-c140-4eaa-9657-1e702d3ee4c0,M'Tsangamouji
node/4798915904,29a0ec96-9911-49cb-9371-7ad15f477db7,Machault
way/125084895,0323a7a7-8ec6-412d-91b0-3c799b503c6a,Macouba
node/4140976177,fbda0a20-8251-421c-be1c-ffa3242d7b28,Maffliers
node/3487702644,4c6e4510-8740-48ac-b5d7-1625faee9017,Magnanville
node/2049616961,c6f6e63b-28e3-454a-b5e5-a9a1a692f012,Magny-en-Vexin
way/203003356,b1d11ab5-794b-4feb-ad59-5dfa90a25eec,Magny-le-Hongre
way/120010323,d5b04249-07c0-453e-9833-ece522ee1779,Magny-les-Hameaux
node/4798915852,2fdbf170-449b-4887-a7f2-e70f5f2ed139,Maincy
node/4798915551,67a75587-375c-4ef6-acb1-1420820a12c2,Maison-Rouge
way/115152662,46c0e861-09b2-4f9a-b60b-d9c4f1d3fc5b,Maisoncelles-en-Brie
node/4798916940,e68ef451-5f35-4e81-83ad-42eab8f3434d,Maisoncelles-en-Gâtinais
way/63675330,96ca4e13-4197-4df9-a5af-70d36c537d5b,Maisons-Alfort
way/132437515,cde880df-1410-4710-bf11-8cab86cbdaa2,Maisons-Laffitte
way/146283855,ffe0a02e-2e9d-478f-b30a-29a5c20bcc64,Maisse
way/83793287,151b1221-0b86-40f5-bdfc-adbf02139b26,Malakoff
way/1069354300,6415ca5a-f0c2-4fff-8b49-fd8845f141ad,Mamoudzou
node/3338591311,eb5e1839-06b9-42d8-b61e-35234d4375cd,Mana
node/11242075248,f795f52b-4eaf-4c77-aa90-5a6e6b3ae4e4,Mandres-les-Roses
way/217213412,7eb6580d-f760-471c-8e83-f695494b5389,Mantes-la-Jolie
node/600110553,68e4009e-3f37-4622-b0e8-eb12fb6ae289,Mantes-la-Ville
way/151275738,8e997b5d-0de2-4f1f-b23e-d3d264388b0a,Marchémoret
node/3842874865,12de0592-d622-47b8-b4b6-a8b1729f79e1,Marcilly
way/146091052,3b304762-f2ad-4b5b-a48d-486689b0076b,Marcoussis
node/11349324956,bcfd811a-250d-492c-bedf-b354e8868f57,Marcq
way/147213632,38d808d0-e96a-4ea7-a875-955a2b8786a8,Mareil-Marly
way/132250244,24c96962-c0f3-49a3-bab4-55b87fab1a11,Mareil-en-France
way/222624757,3c06493c-0aa8-449b-bd39-93719d558579,Mareil-le-Guyon
node/2397716263,49f14c14-d073-4c31-9f9f-1301d6c6a8bb,Mareil-sur-Mauldre
node/1813762830,83219f15-44b6-4b3d-aa30-36b04ab446e3,Mareuil-lès-Meaux
way/108133438,f97e4f1e-6553-41dd-9cb9-e1f12746a6a5,Margency
way/401942295,959c1917-6286-4909-9110-f7181fa0be8f,Marines
node/7681325379,09da4690-35a1-4a58-a330-978a068b4985,Maripasoula
way/150343573,97034cf3-025e-4670-989f-ad8b9fdd8fca,Marles-en-Brie
way/131917414,59d4ab95-683c-4af1-bb39-f7078607f894,Marly-la-Ville
way/111723998,15089681-1ae4-4b40-b8de-1e5946e3ccab,Marly-le-Roi
way/585427942,d260ede2-2ac2-4c0c-b455-e414e5c59987,Marnes-la-Coquette
node/3510212321,8a917194-92d9-45d0-8f35-882948b19eaa,Marolles-en-Beauce
node/4798391265,3aa6feab-9740-4259-9911-f973f2fee22f,Marolles-en-Brie
node/1645440740,94d2822a-9919-41af-ac99-53db26db5e27,Marolles-en-Brie
way/410081296,178ea45b-ea10-49d8-b281-942b979a6435,Marolles-en-Hurepoix
way/115260273,2c7af91d-31b8-4c55-8208-0ee081705899,Marolles-sur-Seine
way/116113169,2058cc83-1a72-445b-aa48-50893af17c29,Mary-sur-Marne
way/70670162,871762ea-80cb-4d38-841d-7fb76f57965c,Massy
way/96405274,6ca7b477-ecb4-4821-bce9-70a9583f57cc,Matoury
way/142921147,cc33c9c8-e681-49b7-87ea-2ecff574e80f,Mauchamps
way/458462399,9840ab90-c53a-44d9-84a3-71f8f8997119,Maudétour-en-Vexin
way/132268399,f97ed03a-8784-4fcc-a4f8-4fb31335ee33,Maule
way/133407334,685dfb9c-73d0-40a4-936e-5fd191d6fa80,Maulette
node/4798913813,45529790-13d4-4ae7-bee2-30365ff7db3c,Mauperthuis
way/568378973,37e26ffb-a9f4-443a-8742-03105b8bd1b3,Maurecourt
node/4798916926,022e9b87-7501-4523-951e-a657323655e4,Mauregard
way/133069865,7ffae8b5-6397-4540-98dc-fb53a35d0b8c,Maurepas
node/4798916221,054c53c0-eb47-48f3-bf1e-d066adaee48b,May-en-Multien
way/112069961,dd2012d8-ce05-4e31-9a14-b863f13655bb,Meaux
way/278796953,7b2100a8-acbc-408a-ae7c-e2483d54608c,Meigneux
way/148459630,23bbd6d6-63b4-419e-ae82-dfabc67c63af,Meilleray
way/112361498,8ecfbf6c-2f02-4428-bca0-b859b46740d8,Melun
node/4798915618,0ebff8ef-e6f1-4ad2-b41c-e26f6d9283dc,Melz-sur-Seine
way/118087290,3ca4c9aa-ac7a-4804-8b69-0cc01c2e92cd,Mennecy
node/11043962233,04f99b09-2c20-4891-862e-1f73f7c6d588,Menouville
node/8171713576,9756182e-d070-4d84-8db2-71b11dc33cce,Menucourt
node/3510188681,dd269e92-bc41-43c0-8106-ceb6dbcae563,Mespuits
node/1813700731,76440c2a-5cc4-42c4-af1c-d802e25cd01b,Messy
way/136292617,bd00dac9-97ff-480d-91fa-95abf08f57d5,Meudon
node/619155787,46f159f9-ba95-47d1-9d89-130f716d372c,Meulan-en-Yvelines
way/400430800,277fd8cf-1a40-4921-9f2b-53a99a428c02,Millemont
node/2094853686,25dcf6e9-daae-49a3-b541-8ee8d3fc1d9d,Milly-la-Forêt
node/27362211,c63dafee-56b5-4045-9396-1fbf603f0922,Milon-la-Chapelle
node/4798916946,30ffc503-1623-493d-bc6c-da04bd90008e,Misy-sur-Yonne
way/112217116,994d73cd-d5ab-4bed-a450-dcd179e0eab9,Mitry-Mory
way/256605514,58924eac-7ae1-41a1-81cd-2f1725a9c77e,Mittainville
way/166151405,555a9502-e499-4c5c-8fb5-7d8ec58fdff2,Moigny-sur-École
way/248022524,20bfd2ab-0e35-4f16-9a25-fd7c42ab1f3e,Moisenay
node/4674281578,42381e22-7dc8-49e6-a6f0-705047c2d7db,Moisselles
node/11198601799,b9f2d8db-70e6-4a7e-8000-d101043d8fbd,Moisson
way/114147797,d0af0d04-2894-4523-88ba-f26e2aaf0420,Moissy-Cramayel
node/3510153091,5d369d3a-5a57-48cc-9f75-dd3b5488fabf,Mondeville
node/11197846114,57bfe055-e939-44d9-94d8-1cdca4090a9b,Mondreville
node/4798915596,f6ba88d7-685a-4122-a0ef-15008649da9c,Mondreville
way/132704043,85ff0200-f16d-4390-bcb1-84b276148a2a,Monnerville
node/9309413573,c3c1b811-db09-46ad-bf09-22e937953640,Mons-en-Montois
node/3581149256,268e184f-454d-4bdb-a615-5890e7679eb3,Montainville
node/595415460,1fec2098-3ea7-41df-8356-9911ad4309bf,Montalet-le-Bois
way/82716118,a09741fe-f839-400f-8389-0f77e4d1059b,Montceaux-lès-Meaux
node/4798913815,ec2e1b33-c8e4-4dc9-8d31-679253304c14,Montceaux-lès-Provins
node/1134185135,7dd0ed49-97c3-4596-895f-373b28c33544,Montchauvet
way/273697292,6e1d0e29-d204-4c0e-b8d9-46fbb1338e27,Montcourt-Fromonville
node/9313128212,0cef110d-c1a6-41c2-a03f-ff88300c78fd,Montdauphin
way/202688725,bcff5e24-1966-46b7-bf26-e5a6a3267a73,Montenils
way/242638576,8550e634-82e1-47a9-9d36-852102b2ef0c,Montereau-Fault-Yonne
way/113471960,085dce35-94cb-4a23-aecc-cf6e104de3c3,Montereau-sur-le-Jard
way/108993731,590805b5-5383-44d4-8f62-051ac9e8fbc6,Montesson
node/6781559119,97150da9-29ed-4a7d-ba57-ed1112be44d4,Montfermeil
way/893821292,131c5080-2041-416e-9a3a-7d8aa7589f46,Montfort-l'Amaury
node/616292519,b45db300-8e6a-4892-8dce-d82e05d35e89,Montgeron
way/436935966,5c204a44-a910-4844-bda0-118d7ad370b2,Montgeroult
node/4551209215,4f5b5b10-9110-44a4-8ae6-f8aef7491c88,Montgé-en-Goële
node/3842874866,86d6aa50-2c16-44bf-b3dd-0a5c81480ee6,Monthyon
node/2792503310,0679c622-4a19-45e6-b240-aa3403d404b2,Montigny-Lencoup
relation/1590497,5e70e5bf-1865-48ed-a75d-b767b7db8e47,Montigny-le-Bretonneux
way/176291431,7f718fc9-5733-4e44-8174-d284a93535e1,Montigny-le-Guesdier
way/226657345,580e4635-d9fe-4fc2-a5f3-f0a710a0da56,Montigny-lès-Cormeilles
node/3250237119,b034e186-9360-4748-90b8-5d74b6fb32b9,Montigny-sur-Loing
way/146009743,bc92bec8-1597-4dfe-93e2-2b0c3664cb1c,Montlhéry
way/147912627,5c193202-df75-4fba-888f-20b14ff07919,Montlignon
way/40793772,41b070b9-8f1e-4eb7-97d4-154db9698882,Montmachoux
relation/1770194,085298fb-9d0c-44c1-829a-515f57cafaae,Montmagny
way/146734654,ed5ff127-0f44-4b1d-aa9d-27655a859af2,Montmorency
node/9313128211,67dc4f17-2317-4a58-8381-ffab9ad2a4ac,Montolivet
way/81846321,922f8708-fb37-4b2b-acd0-db6c747c274c,Montreuil
node/11198601800,d52ca18d-46dc-4c16-bd76-38734a69fae1,Montreuil-sur-Epte
way/83237614,cde9e047-5bb4-4df7-a7c8-14ade87cde42,Montrouge
node/4590698302,a4e90d3d-8201-4bb7-b5eb-47240ae1da11,Montry
way/96392025,fdd5ebc5-3743-4287-89de-e53131914f48,Montsinéry-Tonnegrande
node/8171880061,b48ab577-4823-4880-8292-e141cdc6e351,Montsoult
node/8242915097,e7a5e421-25bf-4eb9-96c9-9b6b7f61d8ea,Montévrain
way/165253127,9577ff9d-bffd-450f-bfc0-f07a0727ddc8,Morainvilliers
way/92277452,707e5f23-318b-448f-b2ee-d109fea05228,Morangis
way/14013581,353b2413-1579-4979-b81f-5e664c1c0437,Moret-Loing-et-Orvanne
node/1475296413,9ae98d24-adb8-4336-acde-e709a1d66509 ,Moret-Loing-et-Orvanne
node/3500569129,47fc620b-cfdc-4300-965a-e9d3db914988,Morigny-Champigny
node/1235711693,de9cf1d6-e382-4969-a04e-65832bf8f577,Mormant
way/41455164,93412414-52eb-4078-bb36-a5747ec2cba1,Morne-à-l'Eau
way/431477863,de44be4f-d6a9-4f50-ba58-2431e8ab1ae5,Morsang-sur-Orge
way/62918316,99614a60-0573-43bd-a04f-75f33ad3138b,Morsang-sur-Seine
way/115161442,2cd4e95a-5f37-4391-b6ba-9739f76f691d,Mortcerf
node/4421951262,a4328adf-91cc-45a3-b267-9e632beac860,Mortery
way/115168190,d1e7db90-47a5-4911-afba-34d545c8cc34,Mouroux
way/147406949,856e6fb3-4f33-4d01-b5b1-b448f34e15fc,Mours
node/2736241737,33c5b8ab-679b-4bee-8fed-99465d90f6d3,Mousseaux-lès-Bray
way/132870395,d5ebc817-c20b-47b9-a424-b7c23e8fa93a,Mousseaux-sur-Seine
way/444159015,b2eb2a66-8f38-4a0d-b1be-5b67bc35101e,Moussy
node/4068724465,79ae725f-d112-4880-ad54-c6b3824e2cd2,Moussy-le-Neuf
node/4798913814,480d574a-8ec6-4f1b-8648-bebb4d5e5548,Moussy-le-Vieux
node/2734995732,ed7d7696-5dd3-4aac-bacb-1b55d0869f2b,Mouy-sur-Seine
way/761724270,b8f0732e-3633-4582-bbb8-ca127f46cea6,Mtsamboro
way/157182594,8e714b3b-4270-4093-8e35-1ed3b3eb6131,Mulcent
way/175933335,2ad915fa-9679-494a-87cb-d3c81d4e21fd,Médan
way/133404380,e2358ac4-c1fc-40c8-bc29-3f09e9472807,Ménerville
way/132873772,207d6b75-0d73-4774-9e1a-651714413c54,Méricourt
way/161253357,102dca36-dbdd-4d70-ba7d-75530fe484cb,Mériel
way/643058954,7c28632c-24a0-431b-8f52-1736cb6df530,Mérobert
node/9309417816,8a67c363-7169-47c4-9207-fb2a18ee278d,Méry-sur-Marne
way/230259394,9d9db3aa-8786-416f-936b-50ca682f5257,Méry-sur-Oise
node/2395437286,b6f1c8ae-2654-4488-879d-1215ac5e90b7,Méré
way/132272268,4de4d599-692d-4679-a8c0-d5b0140bbd2b,Mézières-sur-Seine
way/395037657,056e83e3-a350-4170-8ced-df0465318d29,Mézy-sur-Seine
node/3510214492,6562a56e-06c4-4e5b-acf0-daed26ce5ace,Nainville-les-Roches
way/113489074,fc4dc1a3-6c66-4e6f-a341-5537b5684429,Nandy
way/406061091,5c097a78-9aaf-4904-8ec2-1a85b7ebb277,Nangis
way/197289204,6e50d474-05b5-4ecc-94ad-21183e5a68a0,Nanteau-sur-Essonne
way/418485659,4f5c06f0-2920-4eed-9b3d-ac6e00432b64,Nanteau-sur-Lunain
relation/3350743,c2045c4c-b7f5-47a3-83c6-92ff1397b578,Nanterre
way/34728377,b4495749-a3e4-4636-93d1-f4bf7bd9cedf,Nanteuil-lès-Meaux
node/2635167096,ff3aa28f-e960-4eed-bb26-78ccfbbed6ad,Nanteuil-sur-Marne
way/403663148,adb3667c-3d9f-4db8-88fe-27d7d0237577,Nantouillet
way/293302935,37d06178-3e98-442a-a64d-4f962af43e9e,Neauphle-le-Château
node/2374211954,38388fed-a2aa-47f5-a098-3343a98f1cac,Neauphle-le-Vieux
node/11197846115,db9b4e08-49d9-420e-8ab1-224945f7d8f6,Neauphlette
node/2271103494,418e06a5-3ecd-4c24-9eb4-65dee99e2b3c,Nemours
way/396507138,ea71a883-d5df-4318-bc74-127d06d76bf0,Nerville-la-Forêt
way/401920606,dcb3d04d-9b10-42ca-8faa-cd33ec6b093b,Nesles-la-Vallée
way/150306171,adfeaad4-1621-4905-b019-88c4ff7da556,Neufmoutiers-en-Brie
way/120657881,8416a80a-f627-4202-a524-923d382ff4ed,Neuilly-Plaisance
node/569728338,894b7252-2cb7-4403-983d-a734be32beb6,Neuilly-en-Vexin
way/145440091,a78de23f-931b-44dd-bfee-33cc7d1855e1,Neuilly-sur-Marne
way/81248626,c6635792-dc57-4a64-ae2f-5146f731f6e7,Neuilly-sur-Seine
way/99307478,dcdfb882-6b38-45bc-840a-27b260304c54,Neuville-sur-Oise
way/472865081,31e5e522-16d2-4da5-bb2c-45e35e6ff585,Nogent-sur-Marne
node/8171972390,70931cc8-399f-454e-835a-783f1c4843fa,Nointel
way/62480150,89f6214b-cf0f-4ade-92b5-a4278f480e14,Noiseau
way/116137273,5a19d936-a325-4fb8-9849-12d66e03af8d,Noisiel
node/4798915587,fb6ad97a-e8af-4893-9dc3-e6049f1b002d,Noisy-Rudignon
way/112009261,1a1ff084-df1d-41fb-ba88-3cdb31a6a0d8,Noisy-le-Grand
way/103924271,34129061-aff5-4a90-8817-15e732df7147,Noisy-le-Roi
way/84106246,6492d223-530f-4f79-9df9-155e3a564f40,Noisy-le-Sec
node/8171973270,66cbd8cb-d1dc-4065-96aa-bf220a639f30,Noisy-sur-Oise
node/3877912095,6b0cc42a-eb39-4040-acec-143b2276bf9c,Noisy-sur-École
node/4798915560,3a29483f-bda8-4003-9cee-a1163c844cd6,Nonville
node/11425862853,b81c5cae-d535-4f34-826d-42fa04b7c303,Notre-Dame-de-la-Mer
node/1656066438,78e35317-fc9b-4e87-996e-ce3296f2f92b,Noyen-sur-Seine
way/132475801,68e11b0e-c7b8-402e-871d-b9d14bde4ea4,Nozay
way/155195951,c4bbcdb0-ed41-4588-9a0b-8c0fe47a9ea5,Nucourt
way/493702917,432c7eeb-d614-49b1-9441-6819050a4808,Nézel
way/177043490,8114999c-eb53-4e94-8e03-001785c6d073,Obsonville
way/116135751,4e213b99-1c02-4004-8a67-3ac1208cf4c9,Ocquerre
way/218593603,66e1ab64-20aa-4ec0-bfbb-0c1d4af9eadc,Oinville-sur-Montcient
way/397291734,d8a32394-bd4d-45d7-9024-d6cf9cc40c7d,Oissery
way/98515724,478e0950-4a7b-4800-9f96-4f57bf9ad4c7,Ollainville
node/1463051093,130fe181-af8e-402c-87c7-65d06995419c,Omerville
node/1601746460,c379766e-600c-4e47-991c-803b7e2e0bf9,Oncy-sur-École
way/418491928,7bf9c912-a33b-471a-9847-e69b3815282c,Orcemont
node/1882311181,7f601027-c49a-4e55-8d4d-f7f3135c500f,Orgerus
way/102557904,1a2bcc46-c1af-4285-b486-fd51a60f9016,Orgeval
way/143316634,605b6864-7701-4531-80ba-624be68fcbec,Orly
way/273675728,056083a7-555f-481b-b107-2f76a8e203d1,Orly-sur-Morin
node/4798916921,953be403-4f92-4ed9-9e8a-7c67bcd7d66c,Ormesson
way/884862443,9ad9df0b-2600-42e4-ac72-c1442c91a012,Ormesson-sur-Marne
way/1221555847,f8c60cdc-29f2-4d06-a742-1e8f90a2c59d,Ormoy
node/3500605659,38a3d635-838a-4c49-b049-5393c6984d96,Ormoy-la-Rivière
way/123022816,940b5c4b-3e20-475d-9051-1b99cfd008af,Orphin
way/65648956,5815c7d4-0f6c-455a-8cba-ede181cdc59e,Orsay
node/7322406467,6b7daf07-bb1d-46d7-a35b-6fb3114a0712,Orsonville
node/3500617724,fb61b9da-97c7-4991-a432-23cbf29ccd26,Orveau
node/4617198144,458369e8-27aa-4953-a649-f4b8e4b18d7e,Orvilliers
way/487781126,f491586c-98cc-4e34-a016-a3e9d492c48a,Osmery
way/224496306,a0f81e09-1f7d-41a3-93a6-d67da65a2726,Osmoy
way/101168198,efb2f344-c84b-42d8-bb9b-9094c01de3e6,Osny
way/169529999,c48d7158-e0fd-428c-85e9-9afe66ac52fb,Othis
node/6549196926,eeec42e9-07b9-4682-8076-de30854a7bd2,Ouanary
node/9286348163,4192bf78-adfb-4803-b7ca-0c7404d90763,Ouangani
node/6367654518,c77aa03a-812d-465f-b1c7-b9791b42d535,Oullins
way/112294912,97ff59f5-11ef-43b6-a78f-26d9d542b801,Ozoir-la-Ferrière
node/531734797,702bac54-8a2c-49a3-848d-2d18e43a8ef0,Ozouer-le-Voulgis
way/71356430,7bc99005-3c1e-4697-832f-ef0bb076b9a7,Palaiseau
way/309008301,891dd55d-87a6-4f3f-9181-f67e42b20be7,Paley
node/1871359411,e5855e15-2768-4e5f-8511-99d77cb2c027,Pamandzi
node/4798915548,3af53119-390d-4e3a-83a5-10400f357036,Pamfou
way/73112225,2a662b1e-9b3c-4f5e-be36-f11e99da3244,Pantin
way/437443754,2ca3147d-1106-4268-8b71-f0a84750d9b4,Papaichton
node/11059730269,c0e6d4af-a4f7-47fb-9fbc-8771e5bc5f28,Paray-Douaville
node/3486726843,40449c27-2343-4a87-b704-99df54d773e4,Paray-Vieille-Poste
node/3549015667,fb0f1a4a-1820-4220-98a5-2f9aa1e8b0f7,Parmain
way/309421236,548d2cf3-93ca-4251-95a5-1de4769d0491,Paroy
node/4798916226,e50090cb-578a-4eca-9a46-96b322bce53e,Passy-sur-Seine
node/1833224383,c698eb1c-c39c-4493-b840-cde99f49e307,Pecqueuse
relation/1610833,6bb82f74-492a-4a5d-acdc-c6f76bbbe5c3,Penchard
node/11423355317,04326776-2538-4541-bfc8-b20d7508719b,Perdreauville
way/395179686,bbe4004f-b789-409d-9238-eac8b42ef42b,Persan
node/914382760,4ce84b70-9427-411c-a455-6f8f6f6762f8,Perthes
way/128577868,bdc40f3f-5af7-45a1-890e-6f0e1bb2ef79,Petit-Bourg
way/41275312,9a28f33c-5793-4cac-a847-11bf52ad1d6c,Petit-Canal
node/2627145973,35ead2b2-8e12-4d88-896d-ab3416a08c34,Petite-Île
node/6367783263,4ba1abce-539e-4b2d-9c88-a9896452c27a,Pierre-Bénite
node/4798916236,b2d707bc-e8f7-4d01-95b9-040074dd0819,Pierre-Levée
way/81179852,f2532de6-6c81-495c-b67c-d629248c0a97,Pierrefitte-sur-Seine
way/147088314,3a8211ff-5967-4550-b0fe-5dccdcfabd08,Pierrelaye
way/406308483,e7a97c51-f17d-4dd4-99a1-1049932c752e,Piscop
way/83656724,dbad00dd-df25-4ff5-b107-8f0b67655c6d,Plaisir
way/355459723,d9717865-79c3-43e6-8416-31289b0e8f90,Plessis-Saint-Benoist
node/1767314931,6b990ea2-4a06-455b-a603-69387cf4c78a,Poigny
node/4202060598,17197ef7-0109-4f3e-8d9b-f97cd37b1f3f,Poigny-la-Forêt
way/116143743,1f05c7bb-0c4b-4c16-bfa2-2e2e4d6458b0,Poincy
way/41847321,c79eb9b1-b512-466e-83bc-e85d7b132dd8,Pointe-Noire
way/65840887,bf13de66-831c-479e-9a13-0edb9fef430b,Pointe-à-Pitre
way/39536430,05724710-ca34-4318-9743-e8fbad64ca66,Poissy
node/4798915869,03391104-43b6-487a-850a-938704d51fb3,Poligny
node/3981290618,4d0fa63f-4427-41d5-887b-3e8b904e7977,Pommeuse
node/1936537145,25e114c4-48cd-477b-a656-8ba059418e1b,Pomponne
way/112025773,01f10665-d439-46ba-94f3-a227530e46c9,Pontault-Combault
node/1802297613,5c935b25-5c5c-4ac5-9058-7f566864b09b,Pontcarré
node/1928821771,01f14860-676e-402b-9c0f-842dbbd3f663,Ponthévrard
way/44001610,a3b4284c-066e-4541-af69-dcd6424b413c,Pontoise
way/132337354,7df88ad4-da9a-4607-8902-57e4468baaca,Porcheville
way/364246417,953704ee-d3b3-4ece-858f-38eaaa19e9d4,Port-Louis
way/437127402,a246aecc-a966-4f32-acc6-e74a7844f9a4,Port-Villez (Notre-Dame-de-la-Mer)
node/26697176,84be6a68-768b-4d52-aff4-b9af87c41d01,Presles
node/525649444,fa29ed26-d42a-48eb-9bd7-dcdd4729445d,Presles-en-Brie
way/217808379,b7b87abe-0586-4a1b-bec2-d880a81cb174,Pringy
node/1313079129,25586572-5561-48c3-99b0-5ca06f1af19d,Provins
node/11046867304,c1b02485-dd6c-42fe-a3cb-60b43e0df6d6,Prunay-en-Yvelines
way/132296246,6b7c9b4c-f338-4ecf-b722-b1e6db2e1cd3,Prunay-le-Temple
way/146255255,f2d1cc17-ba2c-43cf-97af-b6c87e817ac4,Prunay-sur-Essonne
way/386799895,64f3d104-ef75-47e6-9765-c0482ec92854,Précy-sur-Marne
way/303448841,5d0a1961-d8f0-4c7a-ad19-a50fafef08ba,Puiselet-le-Marais
node/3234562077,e9383d6f-3a77-4ba6-a776-c482ed00caab,Puiseux-Pontoise
way/131913716,976b341b-b37e-41df-a487-616d84a0679a,Puiseux-en-France
node/9309443737,23f33684-bb94-4762-9613-23d0a0e196d1,Puisieux
way/362458439,f4fe7a80-eeae-4b90-982d-febc4d628d73,Pussay
relation/1082724,44adc6c8-6040-4358-9572-4f6a828f91c2,Puteaux
node/4798913803,856e1515-83b8-4da0-85a0-f01f7c846155,Pécy
node/4124636705,e449f075-091d-4a98-b2a5-e7d3fe524af8,Périgny
node/4798915855,ce3522c7-5b09-4303-87e6-fc9ddfd7c176,Pézarches
node/4798915883,86351002-22ca-4ff8-a1aa-f50f4e64cd78,Quiers
way/116158619,6fe53a3d-a44a-42b1-be3f-9668cd2e3a3a,Quincy-Voisins
way/150023970,116d2aab-a999-459b-8519-a49c4588d9e4,Quincy-sous-Sénart
node/359553687,d5446cfa-221c-4d16-893a-ea4ce7e5708b,Raizeux
way/146142383,0f386a48-3d38-4e23-a8e5-97a274a772d1,Rambouillet
node/1671858829,518f4618-606b-4d00-b572-e2100f7949b9,Rampillon
node/9309417815,3d78751e-663a-4f86-9c67-2b6a5f29b764,Rebais
way/249891078,b15c19a0-02ae-45b8-b97e-b5e7643df2b7,Recloses
node/4798913778,8268895f-163a-4982-8dda-6fffd9ca7552,Remauville
relation/2724079,8d1c1e8e-baca-4863-9d8c-820c110db4a8,Remire-Montjoly
node/2382651120,da294a2d-c99e-4731-96d6-80c8d0bb634d,Rennemoulin
way/116149006,e5c073c6-7f98-42f3-8e91-8094936f37cb,Reuil-en-Brie
node/3500629819,3098b27f-4838-4a00-a173-0edf8e9087d8,Richarville
way/77530423,0a3bf743-e033-416e-925b-bd659f64c1a7,Richebourg
way/63826865,91ac4cfe-5bb2-4ef0-a365-a09b3bfb5e26,Ris-Orangis
way/182353162,58b4e4b6-1006-4959-ad82-2fecee12168d,Rivière-Pilote
node/5741138815,e2e8a478-c242-4944-bda6-4c17fd9e01b5,Rivière-Salée
way/687413749,64db010a-ad93-4d2e-8779-f580ce62f90b,Rochefort-en-Yvelines
way/365256277,55ded389-4855-41f3-8df8-62fe7010267a,Roinville
node/11277508952,d251981f-409c-4ef7-bab0-92840175f5ca,Roinvilliers
way/113027059,5def5f7a-9b80-4ec0-9174-ca64d87e5b5e,Roissy-en-Brie
way/104936963,a55012fd-69c2-442d-a9e1-68213ee9c7cd,Roissy-en-France
way/132975568,bdc8ef82-fcf7-48e3-9735-3a979edbd641,Rolleboise
relation/1139171,52fe4e2b-fc2a-40d8-8f53-094135cd35b9,Romainville
node/1944554341,65b87126-6129-406c-8cee-007c31b0074c,Ronquerolles
way/278783582,0a2fb0f6-438e-4630-8bee-eb50c3db4670,Rosay
way/144163463,983bfc92-d1b8-44a5-b05a-72861f7de492,Rosny-sous-Bois
way/132743118,d5aa47f9-69cd-46d0-8ec0-0b6ac595a372,Rosny-sur-Seine
node/4798916222,d3afcee5-4610-4fbf-a36d-8abbdb563f8a,Rouilly
way/262406945,afb87384-076c-4cbf-ad2b-cfcbfd3b8845,Roura
node/3731471228,5e1ab8c6-78d5-46e8-b981-46991ade4a75,Rouvres
way/229305436,b90034ba-d746-43c1-bda3-4c2e98d2ba0c,Rozay-en-Brie
node/4798915608,6e544638-0e02-44c5-99b4-0b8c4f655fee,Rubelles
way/72468698,a332ddcf-c671-42ca-ba81-f46dfe6bee09,Rueil-Malmaison
way/240867010,51a11499-ade3-49e7-9158-ec5c1d4be09d,Rumont
way/126142613,89c7071a-82b5-46ea-9759-1e264dea64ba,Rungis
node/3976679086,f12b8710-faf5-4e57-a831-131934fa275d,Rupéreux
way/114154173,02a98718-7feb-48d2-a9ba-1d21aba1ac45,Réau
node/1162465237,a1cab6a4-e20d-452d-9954-79cf5bccfc16,Régina
node/1763978698,4d8df444-74d3-4ee8-afed-669b747af4a1,Sablonnières
node/286496505,bb7502e9-0339-4223-87d3-3f7b8b33d7da,Saclas
way/68799647,973a90e3-6dba-413c-a54c-3f9b9803172a,Saclay
node/7977340475,146ef312-62cf-46a4-af11-dd1502c77a7a,Sada
node/3088026750,5de238bd-251d-409e-ba4c-663eb85a7c2d,Sagy
node/588420608,f8c69c5f-a73b-45b6-bf38-30e4c8b46c4b,Sailly
node/7882992240,13b13e78-89c5-4aea-b2d6-39e25814f757,Saint-André
node/4590488889,081c574d-9868-4fd1-a1c9-d52347eb9c5c,Saint-Arnoult-en-Yvelines
node/802754513,a2e1d3f1-c42d-4ad0-90d8-9b1c3283b963,Saint-Aubin
way/115170053,d7d66d49-2388-46d4-9c33-14c85e9f62a5,Saint-Augustin
node/4798915863,23370a2b-f085-4083-97f3-9fba7a92bfc6,Saint-Barthélemy
way/104756327,8533052f-2cdf-4c79-892a-4da09281d56d,Saint-Benoît
node/4798916942,fad2cde5-d43e-4245-bff1-5e236920f19b,Saint-Brice
way/315861891,fd42b15a-703b-4f0a-8345-38ea0dcb214e,Saint-Brice-sous-Forêt
way/80481010,0980f9e8-38fb-4c12-b8cb-b65c957911d8,Saint-Chéron
node/1307025380,0a265ca6-8ec2-4941-9274-cbe0a333b7c4,Saint-Clair-sur-Epte
way/131454317,91f66466-d905-4608-81f6-c6468f836e73,Saint-Claude
way/132284692,602c5247-fa8a-4728-a602-79a2817921cf,Saint-Cloud
node/8172354258,cdbb8c59-0e2e-4e40-b44d-1be2dc7223b2,Saint-Cyr-en-Arthies
way/126149900,544b43ae-3f35-48bb-9eeb-4fea88d7aad6,Saint-Cyr-l'École
node/277888125,09fbf855-5287-4636-ad08-5f3c8c1e390c,Saint-Cyr-la-Rivière
node/3500641073,896f5424-5f5f-4155-b936-de66dcf4f1fb,Saint-Cyr-sous-Dourdan
way/273703604,803d9313-4184-4bc6-8622-d4dfd2ef6d28,Saint-Cyr-sur-Morin
way/63980618,73ad7558-2bf1-417e-8d98-9f064514edd2,Saint-Denis
way/146953781,bb9adb76-44e7-4ec6-b3c1-9c7134723f3f,Saint-Denis
way/290353755,b633833a-5956-4e9e-a7b7-fdc620d06b18,Saint-Denis-lès-Rebais
node/3486800778,a70cb341-1904-4c74-9752-d86d4b46d123,Saint-Escobille
way/181289043,6a222ee2-5751-4768-92bd-7a17977a9ad4,Saint-Esprit
node/11329509268,88c28889-7c06-489d-9c5a-ae25f18c1094,Saint-Fargeau-Ponthierry
node/4798915907,316404a6-2908-4997-bf5f-ba0abeabc024,Saint-Fiacre
node/11046647605,2fd7efa8-6841-4ad5-a5d1-cf2091e365d7,Saint-Forget
way/125023318,39396f1b-ceb7-47f5-ad95-dee8624a2e18,Saint-François
node/1162885084,c58aa55e-fc1c-47ee-87b7-7eec9d590c8b,Saint-Georges
node/4266882918,cd2073ca-9cde-42d8-91d2-3fde0da6c0b2,Saint-Germain-Laval
way/114163049,1b53ca05-5721-4c77-946d-c6ed4d8f39ce,Saint-Germain-Laxis
way/399337458,df4cb96d-23ac-4f89-a388-faf436831b76,Saint-Germain-de-la-Grange
way/132244192,9eaf3ee7-0859-4743-846b-47320bf7bb04,Saint-Germain-en-Laye
relation/2083647,03feb7c1-0466-4f72-9ae1-2e4c14de2c9b,Saint-Germain-lès-Arpajon
way/33330267,c7b87e8f-fc5d-4f23-a9c4-de1cc14a69d2,Saint-Germain-lès-Corbeil
node/4798915619,f3531e39-6b71-497f-a530-a398adbe312f,Saint-Germain-sous-Doue
node/1871845647,c6a43b30-bb64-447c-ac54-94be9a5394a2,Saint-Germain-sur-Morin
way/161078278,4d781e39-b1b9-4c32-b1eb-2630754fa037,Saint-Germain-sur-École
way/437582514,5924ef0d-3d8a-4b76-9c51-53582b70720f,Saint-Gervais
way/79393806,a569d202-440f-4030-913a-4be95eb052c4,Saint-Gratien
way/161163188,faacb354-7fa7-4df8-9cce-95946f8d1f1b,Saint-Hilaire
node/11083469897,c9e24a4d-1cb8-4ad0-9d7c-f3bd318f2ed5,Saint-Hilarion
node/4798915549,9d3420bc-afb2-4345-9b6f-d52033382675,Saint-Hilliers
way/106991916,a307e4ef-26ac-4bac-9dd0-2f8f7d6808d4,Saint-Illiers-la-Ville
way/133111522,cf381d03-6ca0-4e25-89bc-603f3670a079,Saint-Illiers-le-Bois
node/3500639709,88e9e99f-828b-49a3-b41a-8516b09f6bcf,Saint-Jean-de-Beauregard
node/4798915875,c8dcb504-aee2-4313-b1c0-66b188d9b950,Saint-Jean-les-Deux-Jumeaux
way/178377851,535f7b76-2e19-49f0-8988-a56a463dbea3,Saint-Joseph
way/142353323,a91d949d-2329-4516-9764-cf361ceead58,Saint-Joseph
way/292729533,cfa37fe7-ce58-4416-b3d2-cf3db523979f,Saint-Just-en-Brie
node/2390520091,04ce446c-bdf7-483f-b3df-b417742ac0b0,Saint-Lambert
way/287024494,e39b8407-9499-4f54-8953-866024b37723,Saint-Laurent-du-Maroni
way/143366750,04ef57f5-87ab-4096-8331-233dde880eae,Saint-Leu
way/115795149,97f9af13-3a9b-4ba0-92ce-e3198e6a4f84,Saint-Leu-la-Forêt
way/65029999,4887d1b1-b217-4dfe-b468-6510b3b8ba2d,Saint-Louis
node/4235932892,49b6b297-9449-4d18-968f-709489d42bee,Saint-Loup-de-Naud
way/292817902,e739b409-e69b-4e3f-ab7e-78b47609fec2,Saint-Léger
way/379350032,22d174fe-dab6-4a25-a30e-ecd2e9542d2a,Saint-Léger-en-Yvelines
node/4909500063,07c24ad9-f03c-44f0-971a-8274ee27fb38,Saint-Macoux
way/254812855,bc0bc72f-2d4b-40f7-98e8-2e82d8bec2c7,Saint-Mammès
way/147360889,d4e96674-1d57-40ec-9a9b-9eede7a61f94,Saint-Mandé
way/200535329,4d0464de-81b7-461f-a507-2f5e497677fd,Saint-Mard
node/4455210395,a38b3257-447c-498d-99c7-e1a54212497f,Saint-Mars-Vieux-Maisons
way/133050971,6709be0c-409a-45d7-a6cc-eef7f9182dee,Saint-Martin-de-Bréthencourt
node/4798913811,79dd888b-7a03-4648-a3a4-abd2e57d56e7,Saint-Martin-des-Champs
node/4595319813,a283732f-cea8-4d9e-bcf9-3e3c7642644b,Saint-Martin-des-Champs
node/4798915595,fe751009-ae72-4397-b476-5ae1ae5c191e,Saint-Martin-du-Boschet
node/3397462423,7c92baf8-cdd7-47eb-b186-72adc74e3881,Saint-Martin-du-Tertre
node/367961019,21f84e16-b358-4611-9f43-d2d2fe1f5795,Saint-Martin-en-Bière
node/11198601798,6d37debf-8008-4cb4-99a6-8a6ea15949f6,Saint-Martin-la-Garenne
way/175415108,fdbc95e4-79f7-45e4-9a1f-f2463d07a26a,Saint-Maur-des-Fossés
way/149388160,9049999d-0998-42c8-b94c-c44d41104098,Saint-Maurice
node/3500650800,a0bb63be-16e1-40ce-b848-b40464524a31,Saint-Maurice-Montcouronne
node/9309443748,5bb27538-f29c-4cfa-8b8e-6970afdf1346,Saint-Mesmes
way/143694505,8c77c368-df34-4be1-b57d-4bf1ab6f1c10,Saint-Michel-sur-Orge
way/161081046,667cf606-8436-4d52-81bb-2a32cae60068,Saint-Méry
way/147687664,ba438be7-0b14-4873-b78b-2b3d2b31f2d8,Saint-Nom-la-Bretèche
way/114170414,e7723792-dbee-4421-bb7c-a71fe52c86e4,Saint-Ouen-en-Brie
way/102465085,f4d19a85-f76c-4dc1-9616-68132e38b64f,Saint-Ouen-l'Aumône
way/292995781,ce916c00-e9e9-4982-90a5-7280f0ab245b,Saint-Ouen-sur-Morin
way/73842043,2f395573-a0b7-44c7-a5ea-42e8cc3fab99,Saint-Ouen-sur-Seine
node/4798913776,c3e6cb3e-7f45-4ce8-b5f7-b018fb3eef4a,Saint-Pathus
node/4435765589,0cb9fc42-9d72-4d9b-8faf-02ad5742cf29,Saint-Paul
way/84813986,8af862b9-39ef-4e3a-8a08-7e8a8735356e,Saint-Philippe
way/119899287,4fe1e1ce-e1aa-42e2-b01d-057541e8eb24,Saint-Pierre
way/373080804,0c324b56-5590-4fc9-a64a-1647c7661e87,Saint-Pierre-du-Perray
way/115276110,8edda225-3375-4650-8608-bfbec6dd111f,Saint-Pierre-lès-Nemours
way/80494861,7ff72d0e-0ac8-4fd7-95c4-43d81ba5d56c,Saint-Prix
node/2116897938,5b73e340-d1ef-48dd-9255-257d1d2b6beb,Saint-Rémy-l'Honoré
way/290349580,9028aaf7-e45e-419d-9fd5-e48184cc0e16,Saint-Rémy-la-Vanne
way/340664713,ed858d7c-aa60-4c4e-bcc4-3ea38a14255c,Saint-Rémy-lès-Chevreuse
node/2752682602,00aec56c-9824-4584-aa56-ff207289d1e2,Saint-Sauveur-lès-Bray
node/618266010,f14a4f3b-c02d-4e7c-867f-f74efe060584,Saint-Sauveur-sur-École
node/11079404340,1cd1ac33-f744-441e-ab90-3d427e17ef34,Saint-Sigismond
way/307755172,c568cbc7-424a-4cbe-86c4-ff91fc9b57ca,Saint-Siméon
node/4631857292,819c8e8f-a8ef-49ca-9f6b-f6dd7cc9c311,Saint-Soupplets
way/62877103,a6914111-dd2f-4dfb-8655-13021282d10b,Saint-Sulpice-de-Cognac
node/3500648417,5995c49f-e451-4209-8b7c-d82ae9e3a670,Saint-Sulpice-de-Favières
node/10116615167,c823a8ac-b938-47cd-8f09-dd0f48aa38ba,Saint-Sulpice-en-Pareds
way/116183961,0add9454-d894-4dc7-8f9e-7fc85387658d,Saint-Thibault-des-Vignes
node/671784736,f3a1f333-552e-4ce8-8973-9af9ef57abfe,Saint-Vrain
way/80488258,d390b43e-7c7e-4625-9ff1-fa4ca42a8285,Saint-Witz
node/3500659673,0d88f6df-11e5-43b3-ab8f-7d32670b3855,Saint-Yon
way/84847880,04b7d5c8-f0b3-4c93-97e8-8fca136990eb,Sainte-Anne
way/124917794,389adc13-7c67-4282-9819-33fb4533b7a0,Sainte-Anne
node/9309443717,826a86fc-e8f2-49a7-8900-01c8bcd51210,Sainte-Aulde
node/4798915919,db088f42-5da0-45c7-8b8b-7b023b8a34a8,Sainte-Colombe
way/135598060,7b411403-cdeb-4c93-b1c4-68d2ae67fb02,Sainte-Geneviève-des-Bois
way/181164271,be063e2e-bd55-4306-9b9c-75b6b6ca3c53,Sainte-Luce
way/42497243,9cf82664-42cb-4757-81c7-29bee8b15293,Sainte-Marie
node/5491382740,cf4f0841-c2d6-4934-8266-53f02663128a,Sainte-Marie
way/278775909,f206fcce-5cb9-4310-9bbe-663cd132e0c7,Sainte-Mesme
way/125251133,915484b3-0a8b-422f-9bc5-32cf1977a061,Sainte-Rose
way/85024020,f8954abe-e5e9-461b-a2ed-3b35598a5de6,Sainte-Rose
way/95377828,28751332-1c28-4853-8d8c-4e8dbb5f4d77,Sainte-Suzanne
way/62470499,e49a5c89-6536-49f3-8981-38c244d28535,Saintry-sur-Seine
way/67036470,f1ea3b22-3c26-4ed5-b2e6-22fa11dfe291,Salazie
way/293875264,e835ba98-388f-44ec-bcb3-cb08ce677a5a,Salins
node/4798913809,63c0f621-724f-4b8e-92ce-489a172f3733,Sammeron
way/115283216,8b67241c-fe9e-4f0b-8037-e08361df28f6,Samois-sur-Seine
node/4114454539,b68c852b-72d1-4094-abb9-d9313cce474a,Samoreau
node/4011197294,de095095-6221-4464-b639-5924ff35760a,Sancy
node/3976711422,fa4060ac-ea2a-4961-8622-25e0adcf7a48,Sancy-lès-Provins
way/68999066,c98ff477-26a2-4a63-8702-e18d9e5cbd07,Sannois
node/4798391264,a7ea59de-9060-4279-82c8-e6e2cf2f4e85,Santeny
way/409075538,2b806efd-2768-42c6-b6ed-54ff2690fa38,Santeuil
way/355317132,e8a4aacc-93be-452d-a674-3223965f06fa,Sarcelles
node/242922184,e02f7470-d97d-4322-b663-cbe3e790fa9d,Sartrouville
node/2389919894,0861840e-4cd1-4d9b-8985-dedacf1be8e4,Saulx-Marchais
way/146298854,4b822fce-6ea3-4b72-9460-6719a0fe0e8d,Saulx-les-Chartreux
way/112255003,9c0ef37d-8a4f-4e5f-a319-ab03a010d237,Savigny-le-Temple
relation/1978322,4960bbf4-7c26-46f7-b22e-d20028933563,Savigny-sur-Orge
node/1512016470,44b1dfff-c72f-4b20-88ae-9ba3955d08bd,Savins
way/116160300,2e97da1f-ae48-436d-8744-a7e5dc0e6ffd,Saâcy-sur-Marne
way/288663427,9b27d11a-73cb-443a-a3aa-4b88e99a1409,Saül
node/481329493,aaa8ccc5-73cc-4eb4-b48e-a4d8a61ea45d,Sceaux
way/137745391,c20cacec-6aca-4ed6-8881-0617b9b3e946,Schœlcher
way/114182992,71578eb0-be5e-4d5f-9812-94cfd4980f99,Seine-Port
way/404525885,1e24a5c1-321f-4652-9cda-6eabe4cd8882,Senlisse
node/4798915615,5f4a01e5-6fe9-4dd4-9f46-762be6759151,Sept-Sorts
way/132298219,cc4b98a1-1810-47d2-8eef-5dd4e6844e1f,Septeuil
node/11036375067,0657d679-fb0b-4cb6-b032-67b5725f1857,Seraincourt
node/3500664916,85f27ec3-f8ea-4f04-81c1-7f686faee717,Sermaise
way/116189246,60facaa6-2640-4b8d-9c92-39ca9f9d3ccf,Serris
way/114195727,a018f834-b29a-44f8-8533-6f2d1944f657,Servon
way/131809917,d7bc82d5-70fc-46fe-8fed-5ff26a5fccc7,Seugy
way/904251395,8a832842-5f13-47a8-9877-7b5aa10cfd0a,Sevran
way/116174015,1357e99b-2a13-41e6-96c4-3fab002ddfe7,Signy-Signets
node/9309413571,c47f5594-16f8-4bd2-867a-8d6ead9d79d7,Sigy
node/1148070772,a5c60663-e196-47c3-9825-22a130f55069,Sinnamary
node/2811576032,d2590acd-29fb-4f68-80d7-647ff9d62640,Sivry-Courtry
node/4798916941,05f68acd-01a8-4801-9ca2-b3ca0fef24d5,Sognolles-en-Montois
way/201830219,b69fe33a-ac4d-49f5-bc41-d6fbeed46210,Soignolles-en-Brie
node/11093213802,c174fa21-8e1a-4e2f-818f-3d3ef9f3a49a,Soindres
node/2965579743,b956d9bc-efd4-4997-a248-009db93b691e,Soisy-Bouy
way/146777763,0e4a954e-774f-4b96-8142-ed35f34eeac5,Soisy-sous-Montmorency
way/359429401,17628ba7-3ad0-48de-8bde-e0def65c535f,Soisy-sur-Seine
node/3500669212,2e68435d-59de-4b59-bf6f-d09690168892,Soisy-sur-École
node/4798913816,5b3511e4-12cb-419c-96b7-5ad968ba8c31,Solers
way/158616708,fcfc0bcd-c7c5-4562-9f94-b5621aa498f1,Sombacour
way/77586758,3601a1d3-4f3b-4b9d-97a6-db4f566d4bdf,Sonchamp
way/115296683,373476d2-2008-44bf-b743-4b323733224c,Souppes-sur-Loing
way/115350387,9d4ca326-2a0d-40d4-b1b3-92f9b69977cc,Sourdun
node/3500672537,501254ad-1a99-40d4-b82d-b143a2bba1ce,Souzy-la-Briche
way/90106450,d7d747f4-68a0-4408-a20b-8d00ea29f918,St-Saviol
way/77631184,cc345e8e-4162-4e4a-920d-516f1312858b,Stains
way/63502941,c5fd3587-8c4f-4da0-b099-7297191b0051,Sucy-en-Brie
way/70962337,081a346f-8fe6-4d66-ae8a-d5d0cc56e74e,Suresnes
way/131931167,f571d982-0eef-4edd-891a-cd4ad895a572,Survilliers
way/146283515,7b1c1738-7ab2-4474-9d4c-f423fb52f625,Sèvres
node/935323066,1b5c0fc6-3429-4e70-ba12-ea572b5d1e03,Tacoignières
way/150385570,562f564f-ba99-40a6-af5e-be65b6a0f40d,Tancrou
way/103718093,d47ff028-f237-4dc9-914d-02fc117b2671,Taverny
way/41559737,86341619-7047-425d-8f5b-bb72ac8f226c,Terre-de-Bas
way/42101786,d62e5ed7-d10b-4c3b-96ff-eb6f90b6bdec,Terre-de-Haut
node/11036349098,63f4bd29-8fe0-4fde-9bf2-410967d6b63b,Tessancourt-sur-Aubette
node/8172550578,fdac9777-e2c6-4045-bb8a-9f641c3917ea,Theuville
way/143499974,36fc9079-e913-47c1-97aa-382aad941eee,Thiais
way/402938124,bff7e10b-db48-4655-885f-500b9109c9bd,Thieux
way/63459690,8dc84289-261e-4ead-bc0f-fe4b01ae1e38,Thiverval-Grignon
way/400279239,da6913f0-b004-4776-a070-4cde46956a4f,Thoiry
way/80557499,fff18490-6b35-46db-85b3-22d006eaa88a,Thomery
way/116220093,8075567f-e319-4494-a531-348ecb8a5a20,Thorigny-sur-Marne
node/5726214126,98ef9923-96b2-4eee-8757-7360f54d59ef,Thouarsais-Bouildroux
node/4798915607,aebf319a-af33-431e-8915-18e2694cdf09,Thoury-Férottes
node/3234910697,26d487cf-cf4b-418d-81c9-0631ddd39a1c,Théméricourt
node/4798915917,c3a8735a-aabd-4490-b0bc-3c574bf77efb,Thénisy
node/4072548385,71360d75-145f-42cb-812e-237b1f140f62,Tigeaux
node/365337938,6e56922a-d989-4cc3-9d59-8bf31cefdab4,Tigery
node/1802822994,7496ef02-4dc4-485d-a000-59f792ea61c1,Tilly
way/115325742,d84dbe20-0c87-47d5-9c6e-e8d64cd37d99,Torcy
way/330619010,2f7a134c-e26c-4278-8076-af20aed7a2fd,Torfou
node/1649515769,d0f54aa5-ce5a-43a4-9da7-86fd8739e618,Touquin
node/8725388169,07a92af7-c360-486c-accc-ee069f775737,Tournan-en-Brie
node/3877912096,7c781515-4f71-4d12-879b-139c47818d50,Tousson
way/112141061,3410064f-ded8-4e07-9fc1-c3b4411ba93f,Toussus-le-Noble
way/63157679,ffcabcc8-fa27-428e-b193-fb2e9503c08b,Trappes
node/577554364,47fcac5d-5895-4fbf-b5e0-f3b258405544,Tremblay-en-France
node/4798915911,f9dbfba3-9640-4b9f-976b-09b7c046e28c,Treuzy-Levelay
way/170797335,6d962433-7402-472b-b9f3-b5262065989a,Triel-sur-Seine
way/368284576,f31859ad-fa3a-41b0-bf92-dc2b2cc42ef4,Trilbardou
node/1701323422,c83aa6ca-a054-44f3-9886-30f2252a6307,Trilport
node/4798913773,8f00b953-19a5-4c35-a00e-5d8589a28343,Trocy-en-Multien
way/287725731,e58e444b-d778-4a4f-bd9b-ee1a7c12022b,Trois-Rivières
node/8642938117,048c7342-6d9c-4693-9c0a-ca0edeb991b3,Tsingoni
node/11093032581,ed22659a-3f4b-442d-be69-c80635db3c0c,Urdès
way/115280586,7befb79b-2139-46c2-84b8-f19fca8890ff,Ury
node/3234764249,063c8d7d-c90c-48ae-986e-735d25e153ac,Us
node/4798916943,5dc5413c-6b1a-4b76-945c-1897cd7ba2e7,Ussy-sur-Marne
way/377855538,75aaf4fb-ea0e-48e5-8522-22dfa64d8cb2,Vaires-sur-Marne
node/4798915858,349f47dc-92b8-4d2a-9412-0fa77d7d7781,Valence-en-Brie
way/85328597,6adbd78b-6478-4a5f-9871-c1284dc2a795,Valenton
way/278571672,3eeb4df5-c683-45db-a3b9-a5584b41c6ca,Vallangoujard
node/589028020,d718c0ae-7a83-43af-8bcb-9863d8c0715b,Valmondois
node/2474206710,d790dd68-55d3-43f3-9384-92294d11a829,Valpuiseaux
way/87376799,f07c4386-ab02-4309-a959-4d7f9b0d2e52,Vanves
way/161060060,fed2bfb8-9af3-4b27-bd94-89e323bf8ab5,Vanvillé
node/3500676576,2871e98c-34e7-4515-a5ac-802943df5cd2,Varennes-Jarcy
node/444027001,00ac2ecb-969f-4568-868b-31a6adad325e,Varennes-sur-Seine
node/1701323426,a6ec01ad-9b5b-4972-a669-a8efe9bb5901,Varreddes
way/386796059,f6bf000f-9da3-45ac-9f04-3820f2cd6f19,Vaucourtois
way/64368536,15df4db2-2080-4827-92ae-d9056823fa7a,Vaucresson
node/8119508755,c7d0b561-073b-446c-9451-6a70a5dadc5f,Vaudherland
way/229311490,5f70cbf6-3ced-4054-b849-e2e00bc81025,Vaudoy-en-Brie
node/3498836564,7e397751-df5c-4261-8ac3-09588f31d8d8,Vaugrigneuse
way/63122028,30ba92dc-4552-4e37-a025-54b8727547f0,Vauhallan
node/3949829263,1e569494-dfe5-4e5c-85e8-c97aa39000b3,Vaujours
node/304767246,dd6a7b83-ed3e-46a9-bb6b-dd2f210fb8c3,Vauréal
way/114277113,b3d90524-949d-4d15-957f-f3e4163409e0,Vaux-le-Pénil
way/278505269,7db16d1b-e030-444a-bd52-fbc149f825b6,Vaux-sur-Lunain
way/959755207,8711cb98-ac3b-4996-8f37-34693c3aa409,Vaux-sur-Seine
node/1598367795,92f18a80-7b49-4b98-8415-07f40543b820,Vayres-sur-Essonne
way/83036526,78952a10-8530-45e7-8335-a0566a9d7506,Vendrest
node/4798916234,e6bf787a-7628-45d9-ae74-1f0f2ac2a282,Verdelot
relation/5245945,7ebcc62f-2ba5-48df-be54-76fa35ab9ac5,Verneuil-l'Étang
node/1596035484,886174b8-51c8-4581-998c-e97dce0e12b7,Verneuil-sur-Seine
way/115299685,75dbc99f-0943-412f-8252-1840ff61546b,Vernou-la-Celle-sur-Seine
node/4156350045,f8f2b8af-57d6-44b1-9825-fcdd9853ac97,Vernouillet
way/71035518,0f9867d1-ef2b-4d93-b36a-5ff863433584,Verrières-le-Buisson
way/74630181,6378d042-d8bb-4c6b-be5e-27c4970e68a7,Versailles
way/77491752,02b3ca7d-4ec2-475f-ba9d-fcbdb5af4c2f,Vert
relation/1603100,9647f7e3-19b2-446e-be00-bf0fcc535c75,Vert-Saint-Denis
node/583582413,e4b3f6ff-bdab-4aec-b550-3d58365b8af0,Vert-le-Grand
way/108386571,0ec04a61-728b-490b-bf66-2a3107e0a4d4,Vert-le-Petit
way/147418277,d43d0351-6c3f-4027-b170-5b8bd9158c25,Viarmes
node/11036399765,a6a8408b-aefc-4f9e-96c1-8d61a6c6ed50,Vicq
way/178009939,92eda53a-007a-4092-a7bc-ddff05981346,Videlles
node/4561703484,4e60216d-4d5c-4a29-84e9-46abf1460ecc,Vieille-Église-en-Yvelines
way/458460045,08dc65c6-ece9-4c27-b7e7-93f4428efe08,Vienne-en-Arthies
node/4798915884,5fb03662-2c6e-4732-b00c-96821173fe24,Vieux-Champagne
way/41380356,ec4fe9f1-a04c-4a36-beb3-bf4dc08a191b,Vieux-Fort
way/41885067,2d920570-72e8-453d-8118-6ba41b1f5103,Vieux-Habitants
way/109503628,6c97a2b2-4494-454b-9712-a7812a6d7850,Vignely
way/145734334,5de2ad82-d8f3-4ad0-a246-0aba7a3efcb3,Vigneux-sur-Seine
node/3234742735,84267bed-5f6b-48c5-a988-8d1771554abe,Vigny
way/143300613,0adbac33-0aec-4d3f-a51c-fffb5b84917d,Villabé
node/11042404221,c094e71d-8355-471b-8c45-2fe20ba96cf7,Villaines-sous-Bois
way/294987106,dc601f1b-fbc7-411e-9ea2-34ac1e9cc278,Ville-Saint-Jacques
way/129454210,e8f22ac5-aed1-4ca7-abbc-67dbbc0c84a1,Ville-d'Avray
way/299227500,d642cfac-ee66-4aea-b168-23a8be2f9911,Villebon-sur-Yvette
way/277524845,cdb413f1-ad13-4771-b0db-9dc593d7c4cd,Villebéon
way/294987260,68a874dc-dcbb-4a2d-b792-a10fe6e11376,Villecerf
way/299078860,78637060-14ec-4f74-901e-cc91a370288b,Villeconin
node/2789767915,9be84551-9001-404d-92ee-ab88ac8c775b,Villecresnes
way/64425028,734b028d-38ae-47be-8549-641968a0aaa1,Villejuif
node/2479592842,8c9d22b7-d31b-4517-8122-4d6862017335,Villejust
node/4007416037,a8f83738-16ef-4f8a-986e-6a484414a3c3,Villemareuil
node/4798915909,42900dc5-9a2f-4f1a-909e-1598121c0742 ,Villemaréchal
node/3243929081,7b29b528-ef41-4078-8472-0bf9ff3c6912 ,Villemaréchal
node/4798915876,a1719049-d69e-4d5e-9d60-aea2f28c6806,Villemer
way/171303273,7783f629-5c98-4309-84c7-01390efd1735,Villemoisson-sur-Orge
way/144282767,079084a1-fc40-4c65-916a-cfa1c9d09558,Villemomble
node/2739384532,cc742a80-8387-4b87-9d9c-c46bf51b7450,Villenauxe-la-Petite
way/369263925,57cc1df4-c37e-40a8-abae-9e29723ffe0e,Villeneuve-Saint-Denis
way/137173751,f01dcc70-1cc3-4d30-88e5-69c70c23ad61,Villeneuve-Saint-Georges
way/62397762,f1f8eb55-2ab8-4941-bce3-84b27c50e962,Villeneuve-la-Garenne
way/372839635,cd45e707-f378-4a1a-ae26-6e82dbae419f,Villeneuve-le-Comte
way/70867562,f35d276e-79a2-496b-ad68-e7f53be7e9a7,Villeneuve-le-Roi
way/284070609,89bc183c-a874-4d99-81c2-9950896d8e4c,Villeneuve-les-Bordes
node/4798913794,360acf9f-8b09-4013-a373-06a865fc19b4,Villeneuve-sous-Dammartin
way/343065940,2ee9f276-2dac-4ba5-a431-10d9d470e540,Villeneuve-sur-Auvers
node/4798913770,beb46751-439d-4470-b8a4-90efd842108c,Villeneuve-sur-Bellot
way/99504064,4639c566-276a-459b-b642-feb1e12a2dd9,Villennes-sur-Seine
node/6585253205,a8ef8c29-64ab-4427-a1c6-c4ab494b3e6a,Villenoy
node/2282193050,535c69b2-c49b-4209-af89-59c7effec1c7,Villeparisis
way/146517929,e14fe744-b870-4562-b12a-15470106cad3,Villepinte
way/104006704,f42ec92e-2278-4e6a-8747-61d17b5d03e1,Villepreux
way/131785508,7a1ccdf6-80cf-4271-9325-ab5bd11101e0,Villeron
way/406563046,823e4900-3d52-43a3-b903-1c948ad10874,Villeroy
node/7325805521,b9b0a4dd-f967-4bf4-8169-935d816de797,Villers-en-Arthies
way/81144452,1211d23e-dbbb-4ef3-b8cb-06b9c71c88c2,Villetaneuse
way/77490310,249c4e1e-01da-4230-bdf3-0c299e450166,Villette
node/4798916229,bb915269-5ed3-4a71-acb5-86e48c6f5414,Villevaudé
node/3515055273,20c972bb-d92d-400e-8a36-8d022ecff24d,Villiers-Adam
way/60783964,b9b1c248-a60e-475b-a051-6e77afc188f9,Villiers-Saint-Frédéric
node/4798915564,f8606ee7-6996-4855-be26-c9396e49d3b7,Villiers-Saint-Georges
node/4798915896,75450598-8290-4f2e-ae3c-58805448b017,Villiers-en-Bière
way/346301607,ec2f68b5-445a-4ae2-9d7b-48e1b4e4e739,Villiers-le-Bel
node/3499035847,2abf8218-9449-4d7b-82c0-bc543cf4ffc5,Villiers-le-Bâcle
way/643146842,0cb7a12e-72ea-4da1-b49e-5d74d528515c,Villiers-le-Mahieu
node/11042386512,21fc5e3a-c364-4821-ac6f-ca8cd9b93e56,Villiers-le-Sec
way/290344884,b489a6af-2042-4234-b9aa-6e1773bc9471,Villiers-sous-Grez
way/25278391,66b5d2c8-dacf-4d76-b310-5777a1eb2f67,Villiers-sur-Marne
node/9309443760,4b54bb84-d00d-410a-8d24-23ee7713082f,Villiers-sur-Morin
way/146205719,5b5dce62-67a1-4acf-ae62-3ce0b5480402,Villiers-sur-Orge
way/293005858,e9345b53-5c05-4fdb-bb37-38e860015e3d,Villiers-sur-Seine
node/4798915610,6f2eb1b3-6151-43f7-87ae-82aadb30cbfe,Villuis
way/318407901,a9d65b06-0a99-411d-9705-d4127690a7a4,Vimpelles
way/140654794,849e84de-384e-4612-95e8-470f1b87d525,Vinantes
way/83816816,d29d393e-ed35-458c-9fb8-af0cffbd37cb,Vincennes
node/9309443736,e5724096-8655-4db7-8b2c-ec4d26943df9,Vincy-Manœuvre
node/7193166471,3d574ff8-f9a1-4c31-84dd-145b4dce3fcb,Viroflay
way/97580648,6242f4eb-a236-43f6-bec5-afd435faa3b0,Viry-Châtillon
relation/1878304,a5a8409d-f4ce-42cf-9f23-a4001fbaac90,Vitry-sur-Seine
way/229310448,0b83f59e-0590-4d23-b40d-d8734b5fdca0,Voinsles
way/115134642,0d7673a9-ef28-41e2-901f-89c8eb76e1e5,Voisenon
way/84416843,6f60ffa3-d8c9-42e9-b649-4fdc15f4b73d,Voisins-le-Bretonneux
node/4798916945,c1ae33ce-edd2-40f7-911e-2e439f8f08a7,Voulangis
node/3976679087,f08d8788-77e9-484c-813d-b6a66802a827,Voulton
way/278624192,848f6d67-63f5-4c01-945b-c0ec470b8381,Voulx
way/188608469,b9392729-eb7f-4c46-83b5-b07517abd07c,Vulaines-lès-Provins
way/249309539,dee02c0d-6891-41a2-bfcf-44476bd35b2a,Vulaines-sur-Seine
way/150378478,56f61288-9900-46a3-ad91-f028a085e086,Vélizy-Villacoublay
way/131781263,0c1acfee-33f4-468c-8c6c-1ca0b00b5d61,Vémars
way/437132725,8ce108b0-22dc-4dd7-a040-0d9daac07cfa,Vétheuil
node/765963578,196fe150-2717-4035-9337-f11094cb07d7,Wissous
node/1599091455,ce70201f-379f-460f-ac9b-5ab951e122cf,Wy-dit-Joli-Village
way/133510474,e814eab2-3f33-4070-806e-e0a4036b3dbe,Yerres
way/219082062,e8450471-04ae-43b0-9141-023384daf351,Yèbles
node/3486126382,16787f5c-a506-4579-b8e6-37ffc7217939,Écharcon
way/201479412,4cbc9a0f-205a-4647-ad9a-0182864f8205,Échouboulains
node/9009486417,e1caf75c-01be-46e6-b7c2-d3c59c0109bf,Écouen
node/4798915565,d1f51f23-3883-4c27-89e4-325fa3ed4186,Égligny
node/3499203493,66deb274-94ee-48e6-8557-6110dacc439b,Égly
node/2549459541,b91fac26-368d-4c4b-af61-c86fa802b15c,Égreville
node/2339162720,3e31faaa-5705-4a32-b262-7a1705136687,Élancourt
way/397859916,7240105b-d9ec-4d95-ac33-d4ec4b725dcd,Émancé
way/115422220,74826896-5ded-4ac6-9276-412c493d04c6,Émerainville
node/480039403,1e594e76-5694-4cc5-87ae-73d2b92e6525,Épiais-Rhus
node/11042466132,8dbe8f9a-b07a-4c59-997f-ed0652961bbc,Épiais-lès-Louvres
way/132277029,56c39f78-72b8-4dc4-a4d3-6f4201aee67b,Épinay-Champlâtreux
node/3500522464,d3bb50e4-e10e-40ab-9eab-a359147ef571,Épinay-sous-Sénart
way/155517394,624a3813-1a40-4661-8142-45ecc359ad18,Épinay-sur-Orge
way/70172300,551d420f-e8ac-44eb-9c60-b08e39c271c5,Épinay-sur-Seine
node/11329492252,bccc0ca9-3288-488c-97ac-20f630ae3bf4,Épône
way/64951941,7b1155d8-a2d8-4491-8b9a-a9d7d659f09d,Éragny
node/3500530061,f6b2dc37-6fa5-43b6-97b7-8cd4af80dd84,Étampes
way/62765365,a23b6af0-ecb6-4469-b2d4-d464a1e35c24,Étiolles
way/145488916,f9a4d242-5ed6-471f-b5f9-789150a444d5,Étréchy
node/4798916930,a5a1744d-fd9d-4759-9d47-f5c3438210c6,Étrépilly
node/471012875,7ee11b29-21f1-4b5c-82dc-dfc673f31ee8,Évecquemont
way/282057063,adbeceb5-b624-4fa5-a83a-ed06e4288f54,Évry-Courcouronnes
node/3811897925,b0a1e0dd-a779-484d-b610-d5e1516d980c,Évry-Grégy-sur-Yerre
way/131933173,20ab445a-b563-4c6a-bb0b-817eb88a2b18,Ézanville
